{
    "lang": "fa_IR",
    "sections": [
        {
            "charRules": [
                {
                    "CharRule": {
                        "id": [
                            "«"
                        ],
                        "actions": [
                            "INS_SPACE_BEFORE"
                        ]
                    }
                },
                {
                    "CharRule": {
                        "id": [
                            "»"
                        ],
                        "actions": [
                            "DEL_SPACE_BEFORE",
                            "INS_SPACE_AFTER"
                        ]
                    }
                },
                {
                    "CharRule": {
                        "id": [
                            "\u060C",
                            "\u061F",
                            "\u061B"
                        ],
                        "actions": [
                            "INS_PREDICTION",
                            "DEL_SPACE_BEFORE",
                            "INS_SPACE_AFTER"
                        ],
                        "contextRules": [
                            {
                                "CatRule": {
                                    "id": [
                                        "P*"
                                    ],
                                    "actions": [
                                        "DEL_SPACE_BEFORE",
                                        "INS_SPACE_AFTER"
                                    ]
                                }
                            }
                        ]
                    }
                }
            ]
        }
    ],
    "dependency": "default"
}
