Header,Legend_HTC_WB_20091023
A0,HTC_VOC_CODEC_EARCUPLE_VOICE,35,71,36,61,37,0,38,0,39,3,3A,0,3B,0,3C,0,3D,0,3E,0,3F,0,40,0,41,1C,42,0,43,0,44,0,45,0,46,0,47,0,48,0,49,0,4A,1,4B,0,4C,0,0,0,0,0,0,0,0,0,0,0,0,0,0,0,0,0,0,0,0
A1,HTC_VOC_CODEC_EARCUPLE_MIDI,35,71,36,61,37,0,38,0,39,3,3A,0,3B,0,3C,0,3D,0,3E,0,3F,0,40,0,41,1C,42,0,43,0,44,0,45,0,46,0,47,0,48,0,49,0,4A,1,4B,0,4C,0,0,0,0,0,0,0,0,0,0,0,0,0,0,0,0,0,0,0,0
A2,HTC_VOC_CODEC_SPEAKER_VOICE,35,63,36,63,37,0,38,0,39,3,3A,0,3B,0,3C,0,3D,0,3E,0,3F,0,40,0,41,0,42,0,43,0,44,0,45,0,46,0,47,0,48,0,49,0,4A,18,4B,0,4C,0,0,0,0,0,0,0,0,0,0,0,0,0,0,0,0,0,0,0,0
A3,HTC_VOC_CODEC_SPEAKER_MIDI,35,63,36,63,37,0,38,0,39,3,3A,0,3B,0,3C,0,3D,0,3E,0,3F,0,40,0,41,0,42,0,43,0,44,0,45,0,46,0,47,0,48,0,49,0,4A,18,4B,0,4C,0,0,0,0,0,0,0,0,0,0,0,0,0,0,0,0,0,0,0,0
A4,HTC_VOC_CODEC_HEADSET_VOICE,35,69,36,69,37,0,38,0,39,3,3A,80,3B,0,3C,0,3D,0,3E,0,3F,0,40,0,41,1C,42,0,43,0,44,0,45,0,46,0,47,0,48,0,49,0,4A,6,4B,0,4C,0,0,0,0,0,0,0,0,0,0,0,0,0,0,0,0,0,0,0,0
A5,HTC_VOC_CODEC_HEADSET_MIDI,35,69,36,69,37,0,38,0,39,3,3A,80,3B,0,3C,0,3D,0,3E,0,3F,0,40,0,41,1C,42,0,43,0,44,0,45,0,46,0,47,0,48,0,49,0,4A,6,4B,0,4C,0,0,0,0,0,0,0,0,0,0,0,0,0,0,0,0,0,0,0,0
A6,HTC_VOC_CODEC_BT_VOICE,0,0,0,0,0,0,0,0,0,0,0,0,0,0,0,0,0,0,0,0,0,0,0,0,0,0,0,0,0,0,0,0,0,0,0,0,0,0,0,0,0,0,0,0,0,0,0,0,0,0,0,0,0,0,0,0,0,0,0,0,0,0,0,0,0,0,0
A7,HTC_VOC_CODEC_BT_MIDI,0,0,0,0,0,0,0,0,0,0,0,0,0,0,0,0,0,0,0,0,0,0,0,0,0,0,0,0,0,0,0,0,0,0,0,0,0,0,0,0,0,0,0,0,0,0,0,0,0,0,0,0,0,0,0,0,0,0,0,0,0,0,0,0,0,0,0
A8,HTC_VOC_CODEC_CARKIT_VOICE,35,69,36,69,37,0,38,0,39,3,3A,80,3B,0,3C,0,3D,0,3E,0,3F,0,40,0,41,1C,42,0,43,0,44,0,45,0,46,0,47,0,48,0,49,0,4A,6,4B,0,4C,0,0,0,0,0,0,0,0,0,0,0,0,0,0,0,0,0,0,0,0
A9,HTC_VOC_CODEC_CARKIT_MIDI,35,69,36,69,37,0,38,0,39,3,3A,80,3B,0,3C,0,3D,0,3E,0,3F,0,40,0,41,1C,42,0,43,0,44,0,45,0,46,0,47,0,48,0,49,0,4A,6,4B,0,4C,0,0,0,0,0,0,0,0,0,0,0,0,0,0,0,0,0,0,0,0
A10,HTC_VOC_CODEC_TTY_FULL_VOICE,35,69,36,69,37,0,38,0,39,3,3A,80,3B,0,3C,0,3D,0,3E,0,3F,0,40,0,41,1C,42,0,43,0,44,0,45,0,46,0,47,0,48,0,49,0,4A,6,4B,0,4C,0,0,0,0,0,0,0,0,0,0,0,0,0,0,0,0,0,0,0,0
A11,HTC_VOC_CODEC_TTY_FULL_MIDI,35,69,36,69,37,0,38,0,39,3,3A,80,3B,0,3C,0,3D,0,3E,0,3F,0,40,0,41,1C,42,0,43,0,44,0,45,0,46,0,47,0,48,0,49,0,4A,6,4B,0,4C,0,0,0,0,0,0,0,0,0,0,0,0,0,0,0,0,0,0,0,0
A12,HTC_VOC_CODEC_TTY_VCO_VOICE,35,69,36,69,37,0,38,0,39,3,3A,80,3B,0,3C,0,3D,0,3E,0,3F,0,40,0,41,1C,42,0,43,0,44,0,45,0,46,0,47,0,48,0,49,0,4A,6,4B,0,4C,0,0,0,0,0,0,0,0,0,0,0,0,0,0,0,0,0,0,0,0
A13,HTC_VOC_CODEC_TTY_VCO_MIDI,35,69,36,69,37,0,38,0,39,3,3A,80,3B,0,3C,0,3D,0,3E,0,3F,0,40,0,41,1C,42,0,43,0,44,0,45,0,46,0,47,0,48,0,49,0,4A,6,4B,0,4C,0,0,0,0,0,0,0,0,0,0,0,0,0,0,0,0,0,0,0,0
A14,HTC_VOC_CODEC_TTY_HCO_VOICE,35,71,36,61,37,0,38,0,39,3,3A,0,3B,0,3C,0,3D,0,3E,0,3F,0,40,0,41,1C,42,0,43,0,44,0,45,0,46,0,47,0,48,0,49,0,4A,1,4B,0,4C,0,0,0,0,0,0,0,0,0,0,0,0,0,0,0,0,0,0,0,0
A15,HTC_VOC_CODEC_TTY_HCO_MIDI,35,71,36,61,37,0,38,0,39,3,3A,0,3B,0,3C,0,3D,0,3E,0,3F,0,40,0,41,1C,42,0,43,0,44,0,45,0,46,0,47,0,48,0,49,0,4A,1,4B,0,4C,0,0,0,0,0,0,0,0,0,0,0,0,0,0,0,0,0,0,0,0
A16,HTC_VOC_CODEC_NO_MIC_HEADSET_VOICE,35,69,36,69,37,0,38,0,39,3,3A,80,3B,0,3C,0,3D,0,3E,0,3F,0,40,0,41,1C,42,0,43,0,44,0,45,0,46,0,47,0,48,0,49,0,4A,6,4B,0,4C,0,0,0,0,0,0,0,0,0,0,0,0,0,0,0,0,0,0,0,0
A17,HTC_VOC_CODEC_NO_MIC_HEADSET_MIDI,35,69,36,69,37,0,38,0,39,3,3A,80,3B,0,3C,0,3D,0,3E,0,3F,0,40,0,41,1C,42,0,43,0,44,0,45,0,46,0,47,0,48,0,49,0,4A,6,4B,0,4C,0,0,0,0,0,0,0,0,0,0,0,0,0,0,0,0,0,0,0,0
A18,HTC_VOC_CODEC_FMHEADSET_VOICE,35,69,36,69,37,0,38,0,39,F,3A,80,3B,0,3C,0,3D,0,3E,0,3F,0,40,0,41,1C,42,10,43,3F,44,0,45,0,46,F,47,0,48,0,49,0,4A,6,4B,0,4C,0,0,0,0,0,0,0,0,0,0,0,0,0,0,0,0,0,0,0,0
A19,HTC_VOC_CODEC_FMHEADSET_MIDI,35,69,36,69,37,0,38,0,39,F,3A,80,3B,0,3C,0,3D,0,3E,0,3F,0,40,0,41,1C,42,10,43,3F,44,0,45,0,46,F,47,0,48,0,49,0,4A,6,4B,0,4C,0,0,0,0,0,0,0,0,0,0,0,0,0,0,0,0,0,0,0,0
A20,HTC_VOC_CODEC_HEADSET_SPEAKER_VOICE,35,6B,36,6B,37,0,38,0,39,3,3A,80,3B,0,3C,0,3D,0,3E,0,3F,0,40,0,41,10,42,0,43,0,44,0,45,0,46,0,47,0,48,0,49,0,4A,1E,4B,0,4C,0,0,0,0,0,0,0,0,0,0,0,0,0,0,0,0,0,0,0,0
A21,HTC_VOC_CODEC_HEADSET_SPEAKER_MIDI,35,6B,36,6B,37,0,38,0,39,3,3A,80,3B,0,3C,0,3D,0,3E,0,3F,0,40,0,41,10,42,0,43,0,44,0,45,0,46,0,47,0,48,0,49,0,4A,1E,4B,0,4C,0,0,0,0,0,0,0,0,0,0,0,0,0,0,0,0,0,0,0,0
A22,HTC_VOC_CODEC_FMSPEAKER_VOICE,35,63,36,63,37,0,38,0,39,F,3A,0,3B,0,3C,0,3D,0,3E,0,3F,0,40,0,41,0,42,4,43,3F,44,0,45,0,46,F,47,0,48,0,49,0,4A,18,4B,0,4C,0,0,0,0,0,0,0,0,0,0,0,0,0,0,0,0,0,0,0,0
A23,HTC_VOC_CODEC_FMSPEAKER_MIDI,35,63,36,63,37,0,38,0,39,F,3A,0,3B,0,3C,0,3D,0,3E,0,3F,0,40,0,41,0,42,4,43,3F,44,0,45,0,46,F,47,0,48,0,49,0,4A,18,4B,0,4C,0,0,0,0,0,0,0,0,0,0,0,0,0,0,0,0,0,0,0,0
U0,HTC_VOC_CODEC_EARCUPLE_VOICE,35,0,36,0,37,FF,38,0,39,0,3A,0,3B,0,3C,24,3D,24,3E,0,3F,80,40,5,41,0,42,1,43,0,44,0,45,0,46,0,47,0,48,0,49,0,4A,0,4B,0,4C,0,0,0,0,0,0,0,0,0,0,0,0,0,0,0,0,0,0,0,0
U1,HTC_VOC_CODEC_EARCUPLE_MIDI,35,0,36,0,37,FF,38,0,39,0,3A,0,3B,0,3C,8,3D,8,3E,0,3F,80,40,5,41,0,42,1,43,0,44,0,45,0,46,0,47,0,48,0,49,0,4A,0,4B,0,4C,0,0,0,0,0,0,0,0,0,0,0,0,0,0,0,0,0,0,0,0
U2,HTC_VOC_CODEC_SPEAKER_VOICE,35,0,36,0,37,FF,38,0,39,0,3A,0,3B,0,3C,34,3D,34,3E,0,3F,0,40,0,41,0,42,1,43,0,44,0,45,0,46,0,47,0,48,0,49,0,4A,0,4B,0,4C,0,0,0,0,0,0,0,0,0,0,0,0,0,0,0,0,0,0,0,0
U3,HTC_VOC_CODEC_SPEAKER_MIDI,35,0,36,0,37,FF,38,0,39,0,3A,0,3B,0,3C,8,3D,8,3E,0,3F,0,40,0,41,0,42,1,43,0,44,0,45,0,46,0,47,0,48,0,49,0,4A,0,4B,0,4C,0,0,0,0,0,0,0,0,0,0,0,0,0,0,0,0,0,0,0,0
U4,HTC_VOC_CODEC_HEADSET_VOICE,35,0,36,0,37,FF,38,0,39,0,3A,0,3B,0,3C,28,3D,28,3E,8,3F,80,40,5,41,0,42,1,43,0,44,0,45,0,46,0,47,0,48,0,49,0,4A,0,4B,0,4C,0,0,0,0,0,0,0,0,0,0,0,0,0,0,0,0,0,0,0,0
U5,HTC_VOC_CODEC_HEADSET_MIDI,35,0,36,0,37,FF,38,0,39,0,3A,0,3B,0,3C,20,3D,20,3E,8,3F,80,40,5,41,0,42,1,43,0,44,0,45,0,46,0,47,0,48,0,49,0,4A,0,4B,0,4C,0,0,0,0,0,0,0,0,0,0,0,0,0,0,0,0,0,0,0,0
U6,HTC_VOC_CODEC_BT_VOICE,0,0,0,0,0,0,0,0,0,0,0,0,0,0,0,0,0,0,0,0,0,0,0,0,0,0,0,0,0,0,0,0,0,0,0,0,0,0,0,0,0,0,0,0,0,0,0,0,0,0,0,0,0,0,0,0,0,0,0,0,0,0,0,0,0,0,0
U7,HTC_VOC_CODEC_BT_MIDI,0,0,0,0,0,0,0,0,0,0,0,0,0,0,0,0,0,0,0,0,0,0,0,0,0,0,0,0,0,0,0,0,0,0,0,0,0,0,0,0,0,0,0,0,0,0,0,0,0,0,0,0,0,0,0,0,0,0,0,0,0,0,0,0,0,0,0
U8,HTC_VOC_CODEC_CARKIT_VOICE,35,0,36,0,37,FF,38,0,39,0,3A,0,3B,0,3C,28,3D,28,3E,8,3F,80,40,5,41,0,42,0,43,0,44,0,45,0,46,0,47,0,48,0,49,0,4A,0,4B,0,4C,0,0,0,0,0,0,0,0,0,0,0,0,0,0,0,0,0,0,0,0
U9,HTC_VOC_CODEC_CARKIT_MIDI,35,0,36,0,37,FF,38,0,39,0,3A,0,3B,0,3C,20,3D,20,3E,8,3F,80,40,5,41,0,42,0,43,0,44,0,45,0,46,0,47,0,48,0,49,0,4A,0,4B,0,4C,0,0,0,0,0,0,0,0,0,0,0,0,0,0,0,0,0,0,0,0
U10,HTC_VOC_CODEC_TTY_FULL_VOICE,35,0,36,0,37,FF,38,0,39,0,3A,0,3B,0,3C,3C,3D,3C,3E,8,3F,80,40,5,41,0,42,0,43,0,44,0,45,0,46,0,47,0,48,0,49,0,4A,0,4B,0,4C,0,0,0,0,0,0,0,0,0,0,0,0,0,0,0,0,0,0,0,0
U11,HTC_VOC_CODEC_TTY_FULL_MIDI,35,0,36,0,37,FF,38,0,39,0,3A,0,3B,0,3C,3C,3D,3C,3E,8,3F,80,40,5,41,0,42,0,43,0,44,0,45,0,46,0,47,0,48,0,49,0,4A,0,4B,0,4C,0,0,0,0,0,0,0,0,0,0,0,0,0,0,0,0,0,0,0,0
U12,HTC_VOC_CODEC_TTY_VCO_VOICE,35,0,36,0,37,FF,38,0,39,0,3A,0,3B,0,3C,44,3D,44,3E,0,3F,80,40,5,41,0,42,0,43,0,44,0,45,0,46,0,47,0,48,0,49,0,4A,0,4B,0,4C,0,0,0,0,0,0,0,0,0,0,0,0,0,0,0,0,0,0,0,0
U13,HTC_VOC_CODEC_TTY_VCO_MIDI,35,0,36,0,37,FF,38,0,39,0,3A,0,3B,0,3C,44,3D,44,3E,0,3F,80,40,5,41,0,42,0,43,0,44,0,45,0,46,0,47,0,48,0,49,0,4A,0,4B,0,4C,0,0,0,0,0,0,0,0,0,0,0,0,0,0,0,0,0,0,0,0
U14,HTC_VOC_CODEC_TTY_HCO_VOICE,35,0,36,0,37,FF,38,0,39,0,3A,0,3B,0,3C,A0,3D,A0,3E,8,3F,80,40,5,41,0,42,0,43,0,44,0,45,0,46,0,47,0,48,0,49,0,4A,0,4B,0,4C,0,0,0,0,0,0,0,0,0,0,0,0,0,0,0,0,0,0,0,0
U15,HTC_VOC_CODEC_TTY_HCO_MIDI,35,0,36,0,37,FF,38,0,39,0,3A,0,3B,0,3C,A0,3D,A0,3E,8,3F,80,40,5,41,0,42,0,43,0,44,0,45,0,46,0,47,0,48,0,49,0,4A,0,4B,0,4C,0,0,0,0,0,0,0,0,0,0,0,0,0,0,0,0,0,0,0,0
U16,HTC_VOC_CODEC_NO_MIC_HEADSET_VOICE,35,0,36,0,37,FF,38,0,39,0,3A,0,3B,0,3C,28,3D,28,3E,8,3F,80,40,5,41,0,42,1,43,0,44,0,45,0,46,0,47,0,48,0,49,0,4A,0,4B,0,4C,0,0,0,0,0,0,0,0,0,0,0,0,0,0,0,0,0,0,0,0
U17,HTC_VOC_CODEC_NO_MIC_HEADSET_MIDI,35,0,36,0,37,FF,38,0,39,0,3A,0,3B,0,3C,20,3D,20,3E,8,3F,80,40,5,41,0,42,1,43,0,44,0,45,0,46,0,47,0,48,0,49,0,4A,0,4B,0,4C,0,0,0,0,0,0,0,0,0,0,0,0,0,0,0,0,0,0,0,0
U18,HTC_VOC_CODEC_FMHEADSET_VOICE,35,0,36,0,37,FF,38,0,39,0,3A,0,3B,0,3C,28,3D,28,3E,8,3F,80,40,5,41,0,42,1,43,0,44,0,45,0,46,0,47,0,48,0,49,0,4A,0,4B,0,4C,0,0,0,0,0,0,0,0,0,0,0,0,0,0,0,0,0,0,0,0
U19,HTC_VOC_CODEC_FMHEADSET_MIDI,35,0,36,0,37,FF,38,0,39,0,3A,0,3B,0,3C,20,3D,20,3E,8,3F,80,40,5,41,0,42,1,43,0,44,0,45,0,46,0,47,0,48,0,49,0,4A,0,4B,0,4C,0,0,0,0,0,0,0,0,0,0,0,0,0,0,0,0,0,0,0,0
U20,HTC_VOC_CODEC_HEADSET_SPEAKER_VOICE,35,0,36,0,37,FF,38,0,39,0,3A,0,3B,0,3C,44,3D,44,3E,0,3F,80,40,5,41,0,42,1,43,0,44,0,45,0,46,0,47,0,48,0,49,0,4A,0,4B,0,4C,0,0,0,0,0,0,0,0,0,0,0,0,0,0,0,0,0,0,0,0
U21,HTC_VOC_CODEC_HEADSET_SPEAKER_MIDI,35,0,36,0,37,FF,38,0,39,0,3A,0,3B,0,3C,44,3D,44,3E,0,3F,80,40,5,41,0,42,1,43,0,44,0,45,0,46,0,47,0,48,0,49,0,4A,0,4B,0,4C,0,0,0,0,0,0,0,0,0,0,0,0,0,0,0,0,0,0,0,0
U22,HTC_VOC_CODEC_FMSPEAKER_VOICE,35,0,36,0,37,FF,38,0,39,0,3A,0,3B,0,3C,38,3D,38,3E,0,3F,0,40,0,41,0,42,1,43,0,44,0,45,0,46,0,47,0,48,0,49,0,4A,0,4B,0,4C,0,0,0,0,0,0,0,0,0,0,0,0,0,0,0,0,0,0,0,0
U23,HTC_VOC_CODEC_FMSPEAKER_MIDI,35,0,36,0,37,FF,38,0,39,0,3A,0,3B,0,3C,20,3D,20,3E,0,3F,0,40,0,41,0,42,1,43,0,44,0,45,0,46,0,47,0,48,0,49,0,4A,0,4B,0,4C,0,0,0,0,0,0,0,0,0,0,0,0,0,0,0,0,0,0,0,0
D0,HTC_VOC_CODEC_EARCUPLE_VOICE,C,3,C,0,0,1,1,C,0,3,6,0,0,0,22,0,804
D1,HTC_VOC_CODEC_EARCUPLE_MIDI,C,3,C,0,0,1,1,C,0,3,6,0,0,0,22,0,804
D2,HTC_VOC_CODEC_SPEAKER_VOICE,C,3,C,0,0,1,1,C,0,3,0,0,0,0,22,0,804
D3,HTC_VOC_CODEC_SPEAKER_MIDI,C,3,C,0,0,1,1,C,0,3,0,0,0,0,22,0,804
D4,HTC_VOC_CODEC_HEADSET_VOICE,C,3,C,0,0,1,1,C,0,3,6,0,0,0,22,0,804
D5,HTC_VOC_CODEC_HEADSET_MIDI,C,3,C,0,0,1,1,C,0,3,6,C0,0,0,22,0,804
D6,HTC_VOC_CODEC_BT_VOICE,f003,0,0,3,C,2,2,0,C,3,6,0,1,0,7a2,3,800
D7,HTC_VOC_CODEC_BT_MIDI,f003,0,0,3,C,2,2,0,C,3,6,0,1,0,7a2,3,800
D8,HTC_VOC_CODEC_CARKIT_VOICE,C,3,C,0,0,1,1,C,0,0,7,0,0,0,22,0,804
D9,HTC_VOC_CODEC_CARKIT_MIDI,C,3,C,0,0,1,1,C,0,0,7,0,0,0,22,0,804
D10,HTC_VOC_CODEC_TTY_FULL_VOICE,C,3,C,0,0,1,1,C,0,0,7,0,0,0,22,0,804
D11,HTC_VOC_CODEC_TTY_FULL_MIDI,C,3,C,0,0,1,1,C,0,0,7,0,0,0,22,0,804
D12,HTC_VOC_CODEC_TTY_VCO_VOICE,C,3,C,0,0,1,1,C,0,0,7,0,0,0,22,0,804
D13,HTC_VOC_CODEC_TTY_VCO_MIDI,C,3,C,0,0,1,1,C,0,0,7,0,0,0,22,0,804
D14,HTC_VOC_CODEC_TTY_HCO_VOICE,C,3,C,0,0,1,1,C,0,0,7,0,0,0,22,0,804
D15,HTC_VOC_CODEC_TTY_HCO_MIDI,C,3,C,0,0,1,1,C,0,0,7,0,0,0,22,0,804
D16,HTC_VOC_CODEC_NO_MIC_HEADSET_VOICE,C,3,C,0,0,1,1,C,0,0,2,0,0,0,22,0,804
D17,HTC_VOC_CODEC_NO_MIC_HEADSET_MIDI,C,3,C,0,0,1,1,C,0,0,6,C0,0,0,22,0,804
D18,HTC_VOC_CODEC_FMHEADSET_VOICE,C,3,C,0,0,1,1,C,0,0,7,0,0,0,22,0,804
D19,HTC_VOC_CODEC_FMHEADSET_MIDI,C,3,C,0,0,1,1,C,0,0,7,0,0,0,22,0,804
D20,HTC_VOC_CODEC_HEADSET_SPEAKER_VOICE,C,3,C,0,0,1,1,C,0,0,7,0,0,0,22,0,804
D21,HTC_VOC_CODEC_HEADSET_SPEAKER_MIDI,C,3,C,0,0,1,1,C,0,0,7,0,0,0,22,0,804
D22,HTC_VOC_CODEC_FMSPEAKER_VOICE,C,3,C,0,0,1,1,C,0,0,7,0,0,0,22,0,804
D23,HTC_VOC_CODEC_FMSPEAKER_MIDI,C,3,C,0,0,1,1,C,0,0,7,0,0,0,22,0,804
F0,PHONE_HEADSET_VOL0,0,4000,197A,0,7FB2,2013,0,2D33,0,C80,FF9A,1F00,F333,01EC,FFEE,200A,7F65,0,ED00,0,0,3FD9,0,C80,FF9A,1B0C,F333,01EC,FFEE,200A,7F65,7fff,800,7fff,149f,0,14,800,2000,2000,fa,46,2,2ff,40,20,4650,40,41a0,800,63,4DFF,4DFF,2,3F00,7D0,0,0,100,100,200,100,300,150,64,1ca8,1c2,2ee0,fa0,0,0,FF68,FB13,FC56,114,EDCE,47FB,0,0,0,0,0,0,0,0,0,3,0,0,0,0,0,0,0,0,0,0,0,0,0,0,0,0,0,0,0,0,0,0,0,0,0,0,0,0,0,0,0,0,0,0,0,0,0,0,0,0,0,0,0,0,0,0,0,0,0,0,2,2,2,2,2,0,3,0,0,0,0,0,0,0,0,0,0,0,0,0,0,0,0,0,0,0,0,0,0,0,0,0,0,0,0,0,0,0,0,0,0,0,0,0,0,0,0,0,0,0,0,0,0,0,0,0,0,2,2,2,2,2,FFFF,4000,4000,0
F1,PHONE_HEADSET_VOL1,1,4000,2861,0,7FB2,2013,0,2D33,0,C80,FF9A,1F00,F333,01EC,FFEE,200A,7F65,0,ED00,0,0,3FD9,0,C80,FF9A,1B0C,F333,01EC,FFEE,200A,7F65,7fff,800,7fff,149f,0,14,800,2000,2000,fa,46,2,2ff,40,20,4650,40,41a0,800,63,4DFF,4DFF,2,3F00,7D0,0,0,100,100,200,100,300,150,64,1ca8,1c2,2ee0,fa0,0,0,FF68,FB13,FC56,114,EDCE,47FB,0,0,0,0,0,0,0,0,0,3,0,0,0,0,0,0,0,0,0,0,0,0,0,0,0,0,0,0,0,0,0,0,0,0,0,0,0,0,0,0,0,0,0,0,0,0,0,0,0,0,0,0,0,0,0,0,0,0,0,0,2,2,2,2,2,0,3,0,0,0,0,0,0,0,0,0,0,0,0,0,0,0,0,0,0,0,0,0,0,0,0,0,0,0,0,0,0,0,0,0,0,0,0,0,0,0,0,0,0,0,0,0,0,0,0,0,0,2,2,2,2,2,FFFF,4000,4000,0
F2,PHONE_HEADSET_VOL2,2,4000,4000,0,7FB2,2013,0,2D33,0,C80,FF9A,1F00,F333,01EC,FFEE,200A,7F65,0,ED00,0,0,3FD9,0,C80,FF9A,1B0C,F333,01EC,FFEE,200A,7F65,7fff,800,7fff,149f,0,14,800,2000,2000,fa,46,2,2ff,40,20,4650,40,41a0,800,63,4DFF,4DFF,2,3F00,7D0,0,0,100,100,200,100,300,150,64,1ca8,1c2,2ee0,fa0,0,0,FF68,FB13,FC56,114,EDCE,47FB,0,0,0,0,0,0,0,0,0,3,0,0,0,0,0,0,0,0,0,0,0,0,0,0,0,0,0,0,0,0,0,0,0,0,0,0,0,0,0,0,0,0,0,0,0,0,0,0,0,0,0,0,0,0,0,0,0,0,0,0,2,2,2,2,2,0,3,0,0,0,0,0,0,0,0,0,0,0,0,0,0,0,0,0,0,0,0,0,0,0,0,0,0,0,0,0,0,0,0,0,0,0,0,0,0,0,0,0,0,0,0,0,0,0,0,0,0,2,2,2,2,2,FFFF,4000,4000,0
F3,PHONE_HEADSET_VOL3,3,4000,4000,0,7FB2,32D6,0,2D33,0,C80,FF9A,1F00,F333,01EC,FFEE,200A,7F65,0,ED00,0,0,3FD9,0,C80,FF9A,1B0C,F333,01EC,FFEE,200A,7F65,7fff,800,7fff,149f,0,14,800,2000,2000,fa,46,2,2ff,40,20,4650,40,41a0,800,63,4DFF,4DFF,2,3F00,7D0,0,0,100,100,200,100,300,150,64,1ca8,1c2,2ee0,fa0,0,0,FF68,FB13,FC56,114,EDCE,47FB,0,0,0,0,0,0,0,0,0,3,0,0,0,0,0,0,0,0,0,0,0,0,0,0,0,0,0,0,0,0,0,0,0,0,0,0,0,0,0,0,0,0,0,0,0,0,0,0,0,0,0,0,0,0,0,0,0,0,0,0,2,2,2,2,2,0,3,0,0,0,0,0,0,0,0,0,0,0,0,0,0,0,0,0,0,0,0,0,0,0,0,0,0,0,0,0,0,0,0,0,0,0,0,0,0,0,0,0,0,0,0,0,0,0,0,0,0,2,2,2,2,2,FFFF,4000,4000,0
F4,PHONE_HEADSET_VOL4,4,4000,4000,0,7FB2,5092,0,2D33,0,C80,FF9A,1F00,F333,01EC,FFEE,200A,7F65,0,ED00,0,0,3FD9,0,C80,FF9A,1B0C,F333,01EC,FFEE,200A,7F65,7fff,800,7fff,149f,0,14,800,2000,2000,fa,46,2,2ff,40,20,4650,40,41a0,800,63,4DFF,4DFF,2,3F00,7D0,0,0,100,100,200,100,300,200,64,1ca8,1c2,2ee0,fa0,0,0,FF68,FB13,FC56,114,EDCE,47FB,0,0,0,0,0,0,0,0,0,3,0,0,0,0,0,0,0,0,0,0,0,0,0,0,0,0,0,0,0,0,0,0,0,0,0,0,0,0,0,0,0,0,0,0,0,0,0,0,0,0,0,0,0,0,0,0,0,0,0,0,2,2,2,2,2,0,3,0,0,0,0,0,0,0,0,0,0,0,0,0,0,0,0,0,0,0,0,0,0,0,0,0,0,0,0,0,0,0,0,0,0,0,0,0,0,0,0,0,0,0,0,0,0,0,0,0,0,2,2,2,2,2,FFFF,4000,4000,0
F5,PHONE_HEADSET_VOL5,5,4000,4000,0,7FB2,7FB2,0,2D33,0,C80,FF9A,1F00,F333,01EC,FFEE,200A,7F65,0,ED00,0,0,3FD9,0,C80,FF9A,1B0C,F333,01EC,FFEE,200A,7F65,7fff,800,7fff,149f,0,14,800,2000,2000,fa,46,2,2ff,40,20,4650,40,41a0,800,63,4DFF,4DFF,2,3F00,7D0,0,0,100,100,200,100,300,200,64,1ca8,1c2,2ee0,fa0,0,0,FF68,FB13,FC56,114,EDCE,47FB,0,0,0,0,0,0,0,0,0,3,0,0,0,0,0,0,0,0,0,0,0,0,0,0,0,0,0,0,0,0,0,0,0,0,0,0,0,0,0,0,0,0,0,0,0,0,0,0,0,0,0,0,0,0,0,0,0,0,0,0,2,2,2,2,2,0,3,0,0,0,0,0,0,0,0,0,0,0,0,0,0,0,0,0,0,0,0,0,0,0,0,0,0,0,0,0,0,0,0,0,0,0,0,0,0,0,0,0,0,0,0,0,0,0,0,0,0,2,2,2,2,2,FFFF,4000,4000,0
F6,PHONE_HANDSFREE_VOL0,0,4000,4000,0,7FB2,2861,0,3FD9,0,C80,FF9A,2080,F333,01EC,FFEE,200A,7F65,0,ED00,0,0,3FD9,0,1180,FF9A,2080,F333,01EC,FFEE,200A,7F65,6000,800,7fff,179f,0,14,2000,2000,2000,80,8C,2,190,40,20,4650,40,41a0,800,63,4DFF,4DFF,2,3600,7D0,0,C8,100,100,200,150,300,200,64,1ca8,1c2,800,fa0,0,0,FEFA,FD64,FB7E,F9AE,F9DB,3C90,0,0,0,0,0,0,0,0,0,3,0,0,0,0,0,0,0,0,0,0,0,0,0,0,0,0,0,0,0,0,0,0,0,0,0,0,0,0,0,0,0,0,0,0,0,0,0,0,0,0,0,0,0,0,0,0,0,0,0,0,2,2,2,2,2,0,3,0,0,0,0,0,0,0,0,0,0,0,0,0,0,0,0,0,0,0,0,0,0,0,0,0,0,0,0,0,0,0,0,0,0,0,0,0,0,0,0,0,0,0,0,0,0,0,0,0,0,2,2,2,2,2,FFFF,4000,4000,0
F7,PHONE_HANDSFREE_VOL1,1,4000,4000,0,7FB2,390A,0,3FD9,0,C80,FF9A,2080,F333,01EC,FFEE,200A,7F65,0,ED00,0,0,3FD9,0,1180,FF9A,2080,F333,01EC,FFEE,200A,7F65,6000,800,7fff,179f,0,14,2000,2000,2000,80,8C,2,190,40,20,4650,40,41a0,800,63,4DFF,4DFF,2,3600,7D0,0,C8,100,100,200,150,300,200,64,1ca8,1c2,800,fa0,0,0,FEFA,FD64,FB7E,F9AE,F9DB,3C90,0,0,0,0,0,0,0,0,0,3,0,0,0,0,0,0,0,0,0,0,0,0,0,0,0,0,0,0,0,0,0,0,0,0,0,0,0,0,0,0,0,0,0,0,0,0,0,0,0,0,0,0,0,0,0,0,0,0,0,0,2,2,2,2,2,0,3,0,0,0,0,0,0,0,0,0,0,0,0,0,0,0,0,0,0,0,0,0,0,0,0,0,0,0,0,0,0,0,0,0,0,0,0,0,0,0,0,0,0,0,0,0,0,0,0,0,0,2,2,2,2,2,FFFF,4000,4000,0
F8,PHONE_HANDSFREE_VOL2,2,4000,4000,0,7FB2,5092,0,3FD9,0,C80,FF9A,2080,F333,01EC,FFEE,200A,7F65,0,ED00,0,0,3FD9,0,1180,FF9A,2080,F333,01EC,FFEE,200A,7F65,6000,800,7fff,179f,0,14,2000,2000,2000,80,8C,2,190,40,20,4650,40,41a0,800,63,4DFF,4DFF,2,3F00,7D0,0,C8,100,100,200,150,300,200,64,1ca8,1c2,800,fa0,0,0,FEFA,FD64,FB7E,F9AE,F9DB,3C90,0,0,0,0,0,0,0,0,0,3,0,0,0,0,0,0,0,0,0,0,0,0,0,0,0,0,0,0,0,0,0,0,0,0,0,0,0,0,0,0,0,0,0,0,0,0,0,0,0,0,0,0,0,0,0,0,0,0,0,0,2,2,2,2,2,0,3,0,0,0,0,0,0,0,0,0,0,0,0,0,0,0,0,0,0,0,0,0,0,0,0,0,0,0,0,0,0,0,0,0,0,0,0,0,0,0,0,0,0,0,0,0,0,0,0,0,0,2,2,2,2,2,FFFF,4000,4000,0
F9,PHONE_HANDSFREE_VOL3,3,4000,4000,0,7FB2,71CF,0,3FD9,0,C80,FF9A,2080,F333,01EC,FFEE,200A,7F65,0,ED00,0,0,3FD9,0,1180,FF9A,2080,F333,01EC,FFEE,200A,7F65,6000,800,7fff,179f,0,14,2000,2000,2000,80,8C,2,190,40,20,4650,40,41a0,800,63,4DFF,4DFF,2,4000,7D0,0,100,100,100,300,200,300,200,64,1ca8,1c2,800,fa0,0,0,FEFA,FD64,FB7E,F9AE,F9DB,3C90,0,0,0,0,0,0,0,0,0,3,0,0,0,0,0,0,0,0,0,0,0,0,0,0,0,0,0,0,0,0,0,0,0,0,0,0,0,0,0,0,0,0,0,0,0,0,0,0,0,0,0,0,0,0,0,0,0,0,0,0,2,2,2,2,2,0,3,0,0,0,0,0,0,0,0,0,0,0,0,0,0,0,0,0,0,0,0,0,0,0,0,0,0,0,0,0,0,0,0,0,0,0,0,0,0,0,0,0,0,0,0,0,0,0,0,0,0,2,2,2,2,2,FFFF,4000,4000,0
F10,PHONE_HANDSFREE_VOL4,4,4000,4000,0,7FB2,A0C2,0,3FD9,0,C80,FF9A,2080,F333,01EC,FFEE,200A,7F65,0,ED00,0,0,3FD9,0,1180,FF9A,2080,F333,01EC,FFEE,200A,7F65,32F4,800,7fff,179f,0,14,2000,2000,2000,80,8C,2,190,40,20,4650,40,41a0,800,63,4DFF,4DFF,2,4A38,7D0,0,100,100,200,300,200,300,258,64,1ca8,300,800,fa0,0,0,FEFA,FD64,FB7E,F9AE,F9DB,3C90,0,0,0,0,0,0,0,0,0,3,0,0,0,0,0,0,0,0,0,0,0,0,0,0,0,0,0,0,0,0,0,0,0,0,0,0,0,0,0,0,0,0,0,0,0,0,0,0,0,0,0,0,0,0,0,0,0,0,0,0,2,2,2,2,2,0,3,0,0,0,0,0,0,0,0,0,0,0,0,0,0,0,0,0,0,0,0,0,0,0,0,0,0,0,0,0,0,0,0,0,0,0,0,0,0,0,0,0,0,0,0,0,0,0,0,0,0,2,2,2,2,2,FFFF,4000,4000,0
F11,PHONE_HANDSFREE_VOL5,5,4000,4000,0,7FB2,E314,0,3FD9,0,C80,FF9A,2080,F333,01EC,FFEE,200A,7F65,0,ED00,0,0,3FD9,0,1180,FF9A,2080,F333,01EC,FFEE,5A67,7F65,32F4,800,7fff,179f,0,14,2000,2000,2000,80,8C,2,190,40,20,4650,40,41a0,800,63,4DFF,4DFF,2,4A38,7D0,0,100,100,200,400,200,300,258,64,1ca8,400,800,fa0,0,0,FEFA,FD64,FB7E,F9AE,F9DB,3C90,0,0,0,0,0,0,0,0,0,3,0,0,0,0,0,0,0,0,0,0,0,0,0,0,0,0,0,0,0,0,0,0,0,0,0,0,0,0,0,0,0,0,0,0,0,0,0,0,0,0,0,0,0,0,0,0,0,0,0,0,2,2,2,2,2,0,3,0,0,0,0,0,0,0,0,0,0,0,0,0,0,0,0,0,0,0,0,0,0,0,0,0,0,0,0,0,0,0,0,0,0,0,0,0,0,0,0,0,0,0,0,0,0,0,0,0,0,2,2,2,2,2,FFFF,4000,4000,0
F12,PHONE_EARCUPLE_VOL0,0,4000,197A,0,5A67,2013,0,2D33,0,A00,FF9A,1F00,F333,01EC,FFEE,200A,7F65,0,ED00,0,0,2D33,0,780,FF9A,2080,F333,01EC,FFEE,200A,7F65,7fff,800,7fff,149f,0,14,1000,1500,2000,fa,46,2,2ff,40,20,4650,40,41a0,800,63,4DFF,4DFF,2,3600,7D0,0,0,100,100,200,50,300,150,64,1388,100,2ee0,fa0,0,0,FF80,FBDB,FCEB,E8,F0B1,3C90,0,0,0,0,0,0,0,0,0,3,0,0,0,0,0,0,0,0,0,0,0,0,0,0,0,0,0,0,0,0,0,0,0,0,0,0,0,0,0,0,0,0,0,0,0,0,0,0,0,0,0,0,0,0,0,0,0,0,0,0,2,2,2,2,2,0,3,0,0,0,0,0,0,0,0,0,0,0,0,0,0,0,0,0,0,0,0,0,0,0,0,0,0,0,0,0,0,0,0,0,0,0,0,0,0,0,0,0,0,0,0,0,0,0,0,0,0,2,2,2,2,2,FFFF,4000,4000,0
F13,PHONE_EARCUPLE_VOL1,1,4000,2861,0,5A67,2013,0,2D33,0,A00,FF9A,1F00,F333,01EC,FFEE,200A,7F65,0,ED00,0,0,2D33,0,780,FF9A,2080,F333,01EC,FFEE,200A,7F65,7fff,800,7fff,149f,0,14,1000,1500,2000,fa,46,2,2ff,40,20,4650,40,41a0,800,63,4DFF,4DFF,2,3600,7D0,0,0,100,100,200,50,300,150,64,1388,100,2ee0,fa0,0,0,FF80,FBDB,FCEB,E8,F0B1,3C90,0,0,0,0,0,0,0,0,0,3,0,0,0,0,0,0,0,0,0,0,0,0,0,0,0,0,0,0,0,0,0,0,0,0,0,0,0,0,0,0,0,0,0,0,0,0,0,0,0,0,0,0,0,0,0,0,0,0,0,0,2,2,2,2,2,0,3,0,0,0,0,0,0,0,0,0,0,0,0,0,0,0,0,0,0,0,0,0,0,0,0,0,0,0,0,0,0,0,0,0,0,0,0,0,0,0,0,0,0,0,0,0,0,0,0,0,0,2,2,2,2,2,FFFF,4000,4000,0
F14,PHONE_EARCUPLE_VOL2,2,4000,4000,0,5A67,2013,0,2D33,0,A00,FF9A,1F00,F333,01EC,FFEE,200A,7F65,0,ED00,0,0,2D33,0,780,FF9A,2080,F333,01EC,FFEE,200A,7F65,7fff,800,7fff,149f,0,14,1000,1500,2000,fa,46,2,2ff,40,20,4650,40,41a0,800,63,4DFF,4DFF,2,3600,7D0,0,0,100,100,200,50,300,150,64,1388,100,2ee0,fa0,0,0,FF80,FBDB,FCEB,E8,F0B1,3C90,0,0,0,0,0,0,0,0,0,3,0,0,0,0,0,0,0,0,0,0,0,0,0,0,0,0,0,0,0,0,0,0,0,0,0,0,0,0,0,0,0,0,0,0,0,0,0,0,0,0,0,0,0,0,0,0,0,0,0,0,2,2,2,2,2,0,3,0,0,0,0,0,0,0,0,0,0,0,0,0,0,0,0,0,0,0,0,0,0,0,0,0,0,0,0,0,0,0,0,0,0,0,0,0,0,0,0,0,0,0,0,0,0,0,0,0,0,2,2,2,2,2,FFFF,4000,4000,0
F15,PHONE_EARCUPLE_VOL3,3,4000,4000,0,5A67,32D6,0,2D33,0,A00,FF9A,1F00,F333,01EC,FFEE,200A,7F65,0,ED00,0,0,2D33,0,780,FF9A,2080,F333,01EC,FFEE,200A,7F65,7fff,800,7fff,149f,0,14,1000,1500,2000,fa,46,2,2ff,40,20,4650,40,41a0,800,63,4DFF,4DFF,2,3600,7D0,0,0,100,100,200,50,300,150,64,1388,100,2ee0,fa0,0,0,FF80,FBDB,FCEB,E8,F0B1,3C90,0,0,0,0,0,0,0,0,0,3,0,0,0,0,0,0,0,0,0,0,0,0,0,0,0,0,0,0,0,0,0,0,0,0,0,0,0,0,0,0,0,0,0,0,0,0,0,0,0,0,0,0,0,0,0,0,0,0,0,0,2,2,2,2,2,0,3,0,0,0,0,0,0,0,0,0,0,0,0,0,0,0,0,0,0,0,0,0,0,0,0,0,0,0,0,0,0,0,0,0,0,0,0,0,0,0,0,0,0,0,0,0,0,0,0,0,0,2,2,2,2,2,FFFF,4000,4000,0
F16,PHONE_EARCUPLE_VOL4,4,4000,4000,0,5A67,5092,0,2D33,0,A00,FF9A,1F00,F333,01EC,FFEE,200A,7F65,0,ED00,0,0,2D33,0,780,FF9A,2080,F333,01EC,FFEE,200A,7F65,7fff,800,7fff,149f,0,14,1000,1500,2000,fa,46,2,2ff,40,20,4650,40,41a0,800,63,4DFF,4DFF,2,3F00,7D0,0,0,100,200,200,50,300,200,64,1388,1c2,2ee0,fa0,0,0,FF80,FBDB,FCEB,E8,F0B1,3C90,0,0,0,0,0,0,0,0,0,3,0,0,0,0,0,0,0,0,0,0,0,0,0,0,0,0,0,0,0,0,0,0,0,0,0,0,0,0,0,0,0,0,0,0,0,0,0,0,0,0,0,0,0,0,0,0,0,0,0,0,2,2,2,2,2,0,3,0,0,0,0,0,0,0,0,0,0,0,0,0,0,0,0,0,0,0,0,0,0,0,0,0,0,0,0,0,0,0,0,0,0,0,0,0,0,0,0,0,0,0,0,0,0,0,0,0,0,2,2,2,2,2,FFFF,4000,4000,0
F17,PHONE_EARCUPLE_VOL5,5,4000,4000,0,5A67,7FB2,0,2D33,0,A00,FF9A,1F00,F333,01EC,FFEE,200A,7F65,0,ED00,0,0,2D33,0,780,FF9A,2080,F333,01EC,FFEE,200A,7F65,7fff,800,7fff,149f,0,14,1000,1500,2000,fa,46,2,2ff,40,20,4650,40,41a0,800,63,4DFF,4DFF,2,3F00,7D0,0,0,100,200,200,50,300,200,64,1388,1c2,2ee0,fa0,0,0,FF80,FBDB,FCEB,E8,F0B1,3C90,0,0,0,0,0,0,0,0,0,3,0,0,0,0,0,0,0,0,0,0,0,0,0,0,0,0,0,0,0,0,0,0,0,0,0,0,0,0,0,0,0,0,0,0,0,0,0,0,0,0,0,0,0,0,0,0,0,0,0,0,2,2,2,2,2,0,3,0,0,0,0,0,0,0,0,0,0,0,0,0,0,0,0,0,0,0,0,0,0,0,0,0,0,0,0,0,0,0,0,0,0,0,0,0,0,0,0,0,0,0,0,0,0,0,0,0,0,2,2,2,2,2,FFFF,4000,4000,0
F18,PHONE_BTHEADSET,5,4000,4000,0,7FB2,7FB2,0,2D33,0,C80,FF1A,1D80,F333,01EC,FFEE,200A,7F65,0,ED00,0,0,3FD9,0,C80,FF1A,1B0C,F333,01EC,FFEE,200A,7F65,7fff,800,7fff,179f,0,20,800,2000,2000,fa,C8,1,190,40,20,3977,40,408A,800,63,4DFF,4DFF,2,5208,1F40,0,106,161,800,200,1912,300,258,32,1ca8,C8,2D55,100,0,0,FF80,FBDB,FCEB,E8,F0B1,3C90,0,0,0,0,0,0,0,0,0,3,0,0,0,0,0,0,0,0,0,0,0,0,0,0,0,0,0,0,0,0,0,0,0,0,0,0,0,0,0,0,0,0,0,0,0,0,0,0,0,0,0,0,0,0,0,0,0,0,0,0,2,2,2,2,2,0,3,0,0,0,0,0,0,0,0,0,0,0,0,0,0,0,0,0,0,0,0,0,0,0,0,0,0,0,0,0,0,0,0,0,0,0,0,0,0,0,0,0,0,0,0,0,0,0,0,0,0,2,2,2,2,2,FFFF,4000,4000,0
F19,PHONE_CARKIT,5,4000,4000,0,7FB2,5A67,0,7F65,0,780,FF9A,1B0C,F333,01EC,FFEE,200A,7F65,0,ED00,0,0,7F65,0,780,FF9A,1B0C,F333,01EC,FFEE,200A,7F65,7fff,800,7fff,149f,0,14,800,2000,2000,fa,46,1,2ff,40,20,4650,40,41a0,800,63,4DFF,4DFF,1,4a38,1770,0,100,100,400,200,400,300,258,190,1ca8,1c2,2ee0,fa0,0,417,FC95,60,EC7D,01D8,F16B,3D23,0,0,0,0,0,0,0,0,0,3,0,0,0,0,0,0,0,0,0,0,0,0,0,0,0,0,0,0,0,0,0,0,0,0,0,0,0,0,0,0,0,0,0,0,0,0,0,0,0,0,0,0,0,0,0,0,0,0,0,0,2,2,2,2,2,0,3,0,0,0,0,0,0,0,0,0,0,0,0,0,0,0,0,0,0,0,0,0,0,0,0,0,0,0,0,0,0,0,0,0,0,0,0,0,0,0,0,0,0,0,0,0,0,0,0,0,0,2,2,2,2,2,FFFF,4000,4000,0
F20,PHONE_TTY_FULL,0,4000,3900,0,4000,4000,0,7F65,0,780,FF9A,1B0C,F333,01EC,FFEE,200A,7F65,0,ED00,0,0,7F65,0,780,FF9A,1B0C,F333,01EC,FFEE,200A,7F65,7fff,800,7fff,0,0,14,800,2000,2000,fa,46,1,2ff,40,20,4650,40,41a0,800,63,4DFF,4DFF,1,4a38,1770,0,100,100,400,200,400,300,258,190,1ca8,1c2,2ee0,fa0,0,4000,0,0,0,0,0,0,0,0,0,0,0,0,0,0,0,3,0,0,0,0,0,0,0,0,0,0,0,0,0,0,0,0,0,0,0,0,0,0,0,0,0,0,0,0,0,0,0,0,0,0,0,0,0,0,0,0,0,0,0,0,0,0,0,0,0,0,2,2,2,2,2,0,3,0,0,0,0,0,0,0,0,0,0,0,0,0,0,0,0,0,0,0,0,0,0,0,0,0,0,0,0,0,0,0,0,0,0,0,0,0,0,0,0,0,0,0,0,0,0,0,0,0,0,2,2,2,2,2,FFFF,4000,4000,0
F21,PHONE_TTY_VCO,0,4000,2600,0,4000,4000,0,7F65,0,780,FF9A,1B0C,F333,01EC,FFEE,200A,7F65,0,ED00,0,0,7F65,0,780,FF9A,1B0C,F333,01EC,FFEE,200A,7F65,7fff,800,7fff,0,0,14,800,2000,2000,fa,46,1,2ff,40,20,4650,40,41a0,800,63,4DFF,4DFF,1,4a38,1770,0,100,100,400,200,400,300,258,190,1ca8,1c2,2ee0,fa0,0,0,0,0,0,0,0,0,0,0,0,0,0,0,0,0,0,3,0,0,0,0,0,0,0,0,0,0,0,0,0,0,0,0,0,0,0,0,0,0,0,0,0,0,0,0,0,0,0,0,0,0,0,0,0,0,0,0,0,0,0,0,0,0,0,0,0,0,2,2,2,2,2,0,3,0,0,0,0,0,0,0,0,0,0,0,0,0,0,0,0,0,0,0,0,0,0,0,0,0,0,0,0,0,0,0,0,0,0,0,0,0,0,0,0,0,0,0,0,0,0,0,0,0,0,2,2,2,2,2,FFFF,4000,4000,0
F22,PHONE_TTY_HCO,0,4000,4000,0,4000,5A67,0,7F65,0,780,FF9A,1B0C,F333,01EC,FFEE,200A,7F65,0,ED00,0,0,7F65,0,780,FF9A,1B0C,F333,01EC,FFEE,200A,7F65,7fff,800,7fff,0,0,14,800,2000,2000,fa,46,1,2ff,40,20,4650,40,41a0,800,63,4DFF,4DFF,1,4a38,1770,0,100,100,400,200,400,300,258,190,1ca8,1c2,2ee0,fa0,0,FB93,FBF6,F2C6,FDCC,93,141F,382A,0,0,0,0,0,0,0,0,0,3,0,0,0,0,0,0,0,0,0,0,0,0,0,0,0,0,0,0,0,0,0,0,0,0,0,0,0,0,0,0,0,0,0,0,0,0,0,0,0,0,0,0,0,0,0,0,0,0,0,0,2,2,2,2,2,0,3,0,0,0,0,0,0,0,0,0,0,0,0,0,0,0,0,0,0,0,0,0,0,0,0,0,0,0,0,0,0,0,0,0,0,0,0,0,0,0,0,0,0,0,0,0,0,0,0,0,0,2,2,2,2,2,FFFF,4000,4000,0
F23,CE_REC_INC_MIC,5,4000,4000,0,4000,4000,0,7F65,0,780,FF9A,1B0C,F333,01EC,FFEE,200A,7F65,0,ED00,0,0,7F65,0,780,FF9A,1B0C,F333,01EC,FFEE,200A,7F65,7fff,800,7fff,0,0,14,800,2000,2000,fa,46,1,2ff,40,20,4650,40,41a0,800,63,4DFF,4DFF,1,4a38,1770,0,100,100,400,200,400,300,258,190,1ca8,1c2,2ee0,fa0,0,0,0,0,0,0,0,0,0,0,0,0,0,0,0,0,0,3,0,0,0,0,0,0,0,0,0,0,0,0,0,0,0,0,0,0,0,0,0,0,0,0,0,0,0,0,0,0,0,0,0,0,0,0,0,0,0,0,0,0,0,0,0,0,0,0,0,0,2,2,2,2,2,0,3,0,0,0,0,0,0,0,0,0,0,0,0,0,0,0,0,0,0,0,0,0,0,0,0,0,0,0,0,0,0,0,0,0,0,0,0,0,0,0,0,0,0,0,0,0,0,0,0,0,0,2,2,2,2,2,FFFF,4000,4000,0
F24,CE_REC_EXT_MIC,5,4000,4000,0,4000,4000,0,7F65,0,780,FF9A,1B0C,F333,01EC,FFEE,200A,7F65,0,ED00,0,0,7F65,0,780,FF9A,1B0C,F333,01EC,FFEE,200A,7F65,7fff,800,7fff,0,0,14,800,2000,2000,fa,46,1,2ff,40,20,4650,40,41a0,800,63,4DFF,4DFF,1,4a38,1770,0,100,100,400,200,400,300,258,190,1ca8,1c2,2ee0,fa0,0,0,0,0,0,0,0,0,0,0,0,0,0,0,0,0,0,3,0,0,0,0,0,0,0,0,0,0,0,0,0,0,0,0,0,0,0,0,0,0,0,0,0,0,0,0,0,0,0,0,0,0,0,0,0,0,0,0,0,0,0,0,0,0,0,0,0,0,2,2,2,2,2,0,3,0,0,0,0,0,0,0,0,0,0,0,0,0,0,0,0,0,0,0,0,0,0,0,0,0,0,0,0,0,0,0,0,0,0,0,0,0,0,0,0,0,0,0,0,0,0,0,0,0,0,2,2,2,2,2,FFFF,4000,4000,0
F25,CE_PLAYBACK_HEADSET,5,4000,2D00,0,4000,4000,0,7F65,0,780,FF9A,1B0C,F333,01EC,FFEE,200A,7F65,0,ED00,0,0,7F65,0,780,FF9A,1B0C,F333,01EC,FFEE,200A,7F65,7fff,800,7fff,0,0,14,800,2000,2000,fa,46,1,2ff,40,20,4650,40,41a0,800,63,4DFF,4DFF,1,4a38,1770,0,100,100,400,200,400,300,258,190,1ca8,1c2,2ee0,fa0,0,0,0,0,0,0,0,0,0,0,0,0,0,0,0,0,0,3,0,0,0,0,0,0,0,0,0,0,0,0,0,0,0,0,0,0,0,0,0,0,0,0,0,0,0,0,0,0,0,0,0,0,0,0,0,0,0,0,0,0,0,0,0,0,0,0,0,0,2,2,2,2,2,0,3,0,0,0,0,0,0,0,0,0,0,0,0,0,0,0,0,0,0,0,0,0,0,0,0,0,0,0,0,0,0,0,0,0,0,0,0,0,0,0,0,0,0,0,0,0,0,0,0,0,0,2,2,2,2,2,FFFF,4000,4000,0
F26,CE_PLAYBACK_HANDSFREE,5,4000,4F00,0,4000,4000,0,7F65,0,780,FF9A,1B0C,F333,01EC,FFEE,200A,7F65,0,ED00,0,0,7F65,0,780,FF9A,1B0C,F333,01EC,FFEE,200A,7F65,7fff,800,7fff,0,0,14,800,2000,2000,fa,46,1,2ff,40,20,4650,40,41a0,800,63,4DFF,4DFF,1,4a38,1770,0,100,100,400,200,400,300,258,190,1ca8,1c2,2ee0,fa0,0,0,0,0,0,0,0,0,0,0,0,0,0,0,0,0,0,3,0,0,0,0,0,0,0,0,0,0,0,0,0,0,0,0,0,0,0,0,0,0,0,0,0,0,0,0,0,0,0,0,0,0,0,0,0,0,0,0,0,0,0,0,0,0,0,0,0,0,2,2,2,2,2,0,3,0,0,0,0,0,0,0,0,0,0,0,0,0,0,0,0,0,0,0,0,0,0,0,0,0,0,0,0,0,0,0,0,0,0,0,0,0,0,0,0,0,0,0,0,0,0,0,0,0,0,2,2,2,2,2,FFFF,4000,4000,0
F27,PHONE_HAC,5,4000,4000,0,4000,4000,0,7F65,0,780,FF9A,1B0C,F333,01EC,FFEE,200A,7F65,0,ED00,0,0,7F65,0,780,FF9A,1B0C,F333,01EC,FFEE,200A,7F65,7fff,800,7fff,149f,0,14,800,2000,2000,00fa,46,1,2ff,40,20,4650,40,41a0,800,63,4DFF,4DFF,1,4a38,1770,0,100,100,400,200,400,300,258,190,1ca8,1c2,2ee0,fa0,0,0,0,0,0,0,0,0,0,0,0,0,0,0,0,0,0,3,0,0,0,0,0,0,0,0,0,0,0,0,0,0,0,0,0,0,0,0,0,0,0,0,0,0,0,0,0,0,0,0,0,0,0,0,0,0,0,0,0,0,0,0,0,0,0,0,0,0,2,2,2,2,2,0,3,0,0,0,0,0,0,0,0,0,0,0,0,0,0,0,0,0,0,0,0,0,0,0,0,0,0,0,0,0,0,0,0,0,0,0,0,0,0,0,0,0,0,0,0,0,0,0,0,0,0,2,2,2,2,2,FFFF,4000,4000,0
F28,VT_HANDSFREE_VOL0,0,4000,2D4E,0,5A67,2D4E,0,3FD9,0,C80,FF9A,2080,F333,01EC,FFEE,200A,7F65,0,ED00,0,0,3FD9,0,1180,FF9A,2080,F333,01EC,FFEE,200A,7F65,6000,800,7fff,179f,0,14,2000,2000,2000,100,8c,2,190,40,20,4650,40,41a0,800,63,4DFF,4DFF,2,3600,7D0,0,C8,100,200,200,200,300,258,64,1ca8,300,800,fa0,0,0,FF54,FD2E,F97E,F7F1,FBDC,4027,0,0,0,0,0,0,0,0,0,3,0,0,0,0,0,0,0,0,0,0,0,0,0,0,0,0,0,0,0,0,0,0,0,0,0,0,0,0,0,0,0,0,0,0,0,0,0,0,0,0,0,0,0,0,0,0,0,0,0,0,2,2,2,2,2,0,3,0,0,0,0,0,0,0,0,0,0,0,0,0,0,0,0,0,0,0,0,0,0,0,0,0,0,0,0,0,0,0,0,0,0,0,0,0,0,0,0,0,0,0,0,0,0,0,0,0,0,2,2,2,2,2,FFFF,4000,4000,0
F29,VT_HANDSFREE_VOL1,1,4000,2D4E,0,5A67,4000,0,3FD9,0,C80,FF9A,2080,F333,01EC,FFEE,200A,7F65,0,ED00,0,0,3FD9,0,1180,FF9A,2080,F333,01EC,FFEE,200A,7F65,6000,800,7fff,179f,0,14,2000,2000,2000,100,8c,2,190,40,20,4650,40,41a0,800,63,4DFF,4DFF,2,3600,7D0,0,C8,100,200,200,200,300,258,64,1ca8,300,800,fa0,0,0,FF54,FD2E,F97E,F7F1,FBDC,4027,0,0,0,0,0,0,0,0,0,3,0,0,0,0,0,0,0,0,0,0,0,0,0,0,0,0,0,0,0,0,0,0,0,0,0,0,0,0,0,0,0,0,0,0,0,0,0,0,0,0,0,0,0,0,0,0,0,0,0,0,2,2,2,2,2,0,3,0,0,0,0,0,0,0,0,0,0,0,0,0,0,0,0,0,0,0,0,0,0,0,0,0,0,0,0,0,0,0,0,0,0,0,0,0,0,0,0,0,0,0,0,0,0,0,0,0,0,2,2,2,2,2,FFFF,4000,4000,0
F30,VT_HANDSFREE_VOL2,2,4000,4000,0,5A67,4000,0,3FD9,0,C80,FF9A,2080,F333,01EC,FFEE,200A,7F65,0,ED00,0,0,3FD9,0,1180,FF9A,2080,F333,01EC,FFEE,200A,7F65,6000,800,7fff,179f,0,14,2000,2000,2000,100,8c,2,190,40,20,4650,40,41a0,800,63,4DFF,4DFF,2,3600,7D0,0,C8,100,200,200,200,300,258,64,1ca8,300,800,fa0,0,0,FF54,FD2E,F97E,F7F1,FBDC,4027,0,0,0,0,0,0,0,0,0,3,0,0,0,0,0,0,0,0,0,0,0,0,0,0,0,0,0,0,0,0,0,0,0,0,0,0,0,0,0,0,0,0,0,0,0,0,0,0,0,0,0,0,0,0,0,0,0,0,0,0,2,2,2,2,2,0,3,0,0,0,0,0,0,0,0,0,0,0,0,0,0,0,0,0,0,0,0,0,0,0,0,0,0,0,0,0,0,0,0,0,0,0,0,0,0,0,0,0,0,0,0,0,0,0,0,0,0,2,2,2,2,2,FFFF,4000,4000,0
F31,VT_HANDSFREE_VOL3,3,4000,4000,0,5A67,5A67,0,3FD9,0,C80,FF9A,2080,F333,01EC,FFEE,200A,7F65,0,ED00,0,0,3FD9,0,1180,FF9A,2080,F333,01EC,FFEE,200A,7F65,6000,800,7fff,179f,0,14,2000,2000,2000,100,8c,2,190,40,20,4650,40,41a0,800,63,4DFF,4DFF,2,3F00,bb8,0,100,100,200,200,200,300,258,64,1ca8,400,800,fa0,0,0,FF54,FD2E,F97E,F7F1,FBDC,4027,0,0,0,0,0,0,0,0,0,3,0,0,0,0,0,0,0,0,0,0,0,0,0,0,0,0,0,0,0,0,0,0,0,0,0,0,0,0,0,0,0,0,0,0,0,0,0,0,0,0,0,0,0,0,0,0,0,0,0,0,2,2,2,2,2,0,3,0,0,0,0,0,0,0,0,0,0,0,0,0,0,0,0,0,0,0,0,0,0,0,0,0,0,0,0,0,0,0,0,0,0,0,0,0,0,0,0,0,0,0,0,0,0,0,0,0,0,2,2,2,2,2,FFFF,4000,4000,0
F32,VT_HANDSFREE_VOL4,4,4000,4000,0,5A67,7FB2,0,3FD9,0,C80,FF9A,2080,F333,01EC,FFEE,200A,7F65,0,ED00,0,0,3FD9,0,1180,FF9A,2080,F333,01EC,FFEE,200A,7F65,32F4,800,7fff,179f,0,14,2000,2000,2000,100,8c,2,190,40,20,4650,40,41a0,800,63,4DFF,4DFF,2,3F00,bb8,0,100,100,200,400,200,300,258,64,1ca8,400,800,fa0,0,0,FF54,FD2E,F97E,F7F1,FBDC,4027,0,0,0,0,0,0,0,0,0,3,0,0,0,0,0,0,0,0,0,0,0,0,0,0,0,0,0,0,0,0,0,0,0,0,0,0,0,0,0,0,0,0,0,0,0,0,0,0,0,0,0,0,0,0,0,0,0,0,0,0,2,2,2,2,2,0,3,0,0,0,0,0,0,0,0,0,0,0,0,0,0,0,0,0,0,0,0,0,0,0,0,0,0,0,0,0,0,0,0,0,0,0,0,0,0,0,0,0,0,0,0,0,0,0,0,0,0,2,2,2,2,2,FFFF,4000,4000,0
F33,VT_HANDSFREE_VOL5,5,4000,4000,0,5A67,B45F,0,3FD9,0,C80,FF9A,2080,F333,01EC,FFEE,200A,7F65,0,ED00,0,0,3FD9,0,1180,FF9A,2080,F333,01EC,FFEE,200A,7F65,32F4,800,7fff,179f,0,14,2000,2000,2000,100,8c,2,190,40,20,4650,40,41a0,800,63,4DFF,4DFF,2,4A38,bb8,0,100,100,400,500,200,300,258,64,1ca8,400,800,fa0,0,0,FF54,FD2E,F97E,F7F1,FBDC,4027,0,0,0,0,0,0,0,0,0,3,0,0,0,0,0,0,0,0,0,0,0,0,0,0,0,0,0,0,0,0,0,0,0,0,0,0,0,0,0,0,0,0,0,0,0,0,0,0,0,0,0,0,0,0,0,0,0,0,0,0,2,2,2,2,2,0,3,0,0,0,0,0,0,0,0,0,0,0,0,0,0,0,0,0,0,0,0,0,0,0,0,0,0,0,0,0,0,0,0,0,0,0,0,0,0,0,0,0,0,0,0,0,0,0,0,0,0,2,2,2,2,2,FFFF,4000,4000,0
F34,CE_PLAYBACK_HEADSET_RING,5,4000,4000,0,4000,4000,0,7F65,0,780,FF9A,1B0C,F333,01EC,FFEE,200A,7F65,0,ED00,0,0,7F65,0,780,FF9A,1B0C,F333,01EC,FFEE,200A,7F65,7fff,800,7fff,149f,0,14,800,2000,2000,00fa,46,1,2ff,40,20,4650,40,41a0,800,63,4DFF,4DFF,1,4a38,1770,0,100,100,400,200,400,300,258,190,1ca8,1c2,2ee0,fa0,0,0,0,0,0,0,0,0,0,0,0,0,0,0,0,0,0,3,0,0,0,0,0,0,0,0,0,0,0,0,0,0,0,0,0,0,0,0,0,0,0,0,0,0,0,0,0,0,0,0,0,0,0,0,0,0,0,0,0,0,0,0,0,0,0,0,0,0,2,2,2,2,2,0,3,0,0,0,0,0,0,0,0,0,0,0,0,0,0,0,0,0,0,0,0,0,0,0,0,0,0,0,0,0,0,0,0,0,0,0,0,0,0,0,0,0,0,0,0,0,0,0,0,0,0,2,2,2,2,2,FFFF,4000,4000,0
G0,Default,5,4000,4000,0,7FB2,7FB2,0,2D33,0,C80,FF1A,1D80,F333,01EC,FFEE,200A,7F65,0,ED00,0,0,3FD9,0,C80,FF1A,1B0C,F333,01EC,FFEE,200A,7F65,7fff,800,7fff,179f,0,20,800,2000,2000,fa,C8,1,190,40,20,3977,40,408A,800,63,4DFF,4DFF,2,5208,1F40,0,106,161,800,200,1912,300,258,32,1ca8,C8,2D55,100,FFFF,0,FF80,FBDB,FCEB,E8,F0B1,3C90,0,0,0,0,0,0,0,0,0,3,0,0,0,0,0,0,0,0,0,0,0,0,0,0,0,0,0,0,0,0,0,0,0,0,0,0,0,0,0,0,0,0,0,0,0,0,0,0,0,0,0,0,0,0,0,0,0,0,0,0,2,2,2,2,2,0,3,0,0,0,0,0,0,0,0,0,0,0,0,0,0,0,0,0,0,0,0,0,0,0,0,0,0,0,0,0,0,0,0,0,0,0,0,0,0,0,0,0,0,0,0,0,0,0,0,0,0,2,2,2,2,2,FFFF,4000,4000,0
G1,HTC BH S100,5,4000,4000,0,4000,7FB2,FFFF,2D33,0,C80,FF1A,1D80,F333,01EC,FFEE,200A,7F65,0,ED00,0,FFFF,3FD9,0,C80,FF9A,1B0C,F333,01EC,FFEE,200A,7F65,7fff,800,7fff,179f,0,14,800,2000,2000,fa,46,1,190,40,20,4650,40,41a0,800,63,4DFF,4DFF,1,3F00,7D0,0,40,100,400,200,400,300,258,32,1ca8,1c2,2EE0,fa0,FFFF,0,FF80,FBDB,FCEB,E8,F0B1,3C90,0,0,0,0,0,0,0,0,0,3,0,0,0,0,0,0,0,0,0,0,0,0,0,0,0,0,0,0,0,0,0,0,0,0,0,0,0,0,0,0,0,0,0,0,0,0,0,0,0,0,0,0,0,0,0,0,0,0,0,0,2,2,2,2,2,0,3,0,0,0,0,0,0,0,0,0,0,0,0,0,0,0,0,0,0,0,0,0,0,0,0,0,0,0,0,0,0,0,0,0,0,0,0,0,0,0,0,0,0,0,0,0,0,0,0,0,0,2,2,2,2,2,FFFF,4000,4000,0
G2,HTC BH M100,5,4000,4000,0,5A67,5A67,FFFF,3FD9,0,C80,FF1A,1D80,F333,01EC,FFEE,200A,7F65,0,ED00,0,FFFF,3FD9,0,1180,FF1A,1D80,F333,01EC,FFEE,200A,7F65,7fff,800,7fff,179f,0,20,800,2000,2000,fa,78,1,190,40,20,3977,40,408A,800,63,4DFF,4DFF,2,3F00,BB8,0,40,100,400,200,400,300,258,32,1ca8,C8,2D55,100,FFFF,0,FF80,FBDB,FCEB,E8,F0B1,3C90,0,0,0,0,0,0,0,0,0,3,0,0,0,0,0,0,0,0,0,0,0,0,0,0,0,0,0,0,0,0,0,0,0,0,0,0,0,0,0,0,0,0,0,0,0,0,0,0,0,0,0,0,0,0,0,0,0,0,0,0,2,2,2,2,2,0,3,0,0,0,0,0,0,0,0,0,0,0,0,0,0,0,0,0,0,0,0,0,0,0,0,0,0,0,0,0,0,0,0,0,0,0,0,0,0,0,0,0,0,0,0,0,0,0,0,0,0,2,2,2,2,2,FFFF,4000,4000,0
G3,Motorola H500,5,4000,4000,0,7FB2,7FB2,FFFF,3FD9,0,C80,FF1A,1D80,F333,01EC,FFEE,200A,7F65,0,ED00,0,FFFF,3FD9,0,F00,FF1A,1D80,F333,01EC,FFEE,200A,7F65,7fff,800,7fff,179f,0,20,800,2000,2000,fa,78,1,190,40,20,3977,40,408A,800,63,4DFF,4DFF,2,3F00,BB8,0,40,100,400,200,400,300,258,32,1ca8,C8,2D55,100,FFFF,0,FF80,FBDB,FCEB,E8,F0B1,3C90,0,0,0,0,0,0,0,0,0,3,0,0,0,0,0,0,0,0,0,0,0,0,0,0,0,0,0,0,0,0,0,0,0,0,0,0,0,0,0,0,0,0,0,0,0,0,0,0,0,0,0,0,0,0,0,0,0,0,0,0,2,2,2,2,2,0,3,0,0,0,0,0,0,0,0,0,0,0,0,0,0,0,0,0,0,0,0,0,0,0,0,0,0,0,0,0,0,0,0,0,0,0,0,0,0,0,0,0,0,0,0,0,0,0,0,0,0,2,2,2,2,2,FFFF,4000,4000,0
G4,Nokia HS-36W,5,4000,4000,0,7FB2,B45F,FFFF,3FD9,0,C80,FF1A,1D80,F333,01EC,FFEE,200A,7F65,0,ED00,0,FFFF,3FD9,0,780,FF1A,1D80,F333,01EC,FFEE,200A,7F65,7fff,800,7fff,179f,0,40,800,2000,2000,fa,78,1,190,40,20,3977,40,408A,800,63,4DFF,4DFF,2,3F00,7D0,0,20,100,200,200,400,300,258,32,1ca8,C8,2D55,100,FFFF,0,FF80,FBDB,FCEB,E8,F0B1,3C90,0,0,0,0,0,0,0,0,0,3,0,0,0,0,0,0,0,0,0,0,0,0,0,0,0,0,0,0,0,0,0,0,0,0,0,0,0,0,0,0,0,0,0,0,0,0,0,0,0,0,0,0,0,0,0,0,0,0,0,0,2,2,2,2,2,0,3,0,0,0,0,0,0,0,0,0,0,0,0,0,0,0,0,0,0,0,0,0,0,0,0,0,0,0,0,0,0,0,0,0,0,0,0,0,0,0,0,0,0,0,0,0,0,0,0,0,0,2,2,2,2,2,FFFF,4000,4000,0
G5,PLT 510v.D,5,4000,4000,0,4000,4000,FFFF,2D33,0,C80,FF1A,1D80,F333,01EC,FFEE,200A,7F65,0,ED00,0,FFFF,3FD9,0,C80,FF1A,1D80,F333,01EC,FFEE,200A,7F65,7fff,800,7fff,179f,0,20,800,2000,2000,fa,78,1,190,40,20,3977,40,408A,800,63,4DFF,4DFF,2,3F00,7D0,0,20,100,200,200,400,300,258,32,1ca8,C8,2D55,100,FFFF,0,FF80,FBDB,FCEB,E8,F0B1,3C90,0,0,0,0,0,0,0,0,0,3,0,0,0,0,0,0,0,0,0,0,0,0,0,0,0,0,0,0,0,0,0,0,0,0,0,0,0,0,0,0,0,0,0,0,0,0,0,0,0,0,0,0,0,0,0,0,0,0,0,0,2,2,2,2,2,0,3,0,0,0,0,0,0,0,0,0,0,0,0,0,0,0,0,0,0,0,0,0,0,0,0,0,0,0,0,0,0,0,0,0,0,0,0,0,0,0,0,0,0,0,0,0,0,0,0,0,0,2,2,2,2,2,FFFF,4000,4000,0
G6,M2500 by Plantronics,5,4000,4000,0,4000,4000,FFFF,2D33,0,C80,FF1A,1D80,F333,01EC,FFEE,200A,7F65,0,ED00,0,FFFF,3FD9,0,C80,FF1A,1B0C,F333,01EC,FFEE,200A,7F65,7fff,800,7fff,179f,0,20,800,2000,2000,fa,C8,1,190,40,20,3977,40,408A,800,63,4DFF,4DFF,2,3F00,7D0,0,20,100,400,200,400,300,258,32,1ca8,C8,2D55,100,FFFF,0,FF80,FBDB,FCEB,E8,F0B1,3C90,0,0,0,0,0,0,0,0,0,3,0,0,0,0,0,0,0,0,0,0,0,0,0,0,0,0,0,0,0,0,0,0,0,0,0,0,0,0,0,0,0,0,0,0,0,0,0,0,0,0,0,0,0,0,0,0,0,0,0,0,2,2,2,2,2,0,3,0,0,0,0,0,0,0,0,0,0,0,0,0,0,0,0,0,0,0,0,0,0,0,0,0,0,0,0,0,0,0,0,0,0,0,0,0,0,0,0,0,0,0,0,0,0,0,0,0,0,2,2,2,2,2,FFFF,4000,4000,0
G7,Nokia HDW-3,5,4000,4000,0,5092,7FB2,FFFF,2D33,0,C80,FF1A,1D80,F333,01EC,FFEE,200A,7F65,0,ED00,0,FFFF,3FD9,0,C80,FF1A,1B0C,F333,01EC,FFEE,200A,7F65,7fff,800,7fff,179f,0,20,800,2000,2000,fa,C8,1,190,40,20,3977,40,408A,800,63,4DFF,4DFF,2,3F00,BB8,0,40,100,200,200,400,300,258,32,1ca8,C8,2D55,100,FFFF,0,FF80,FBDB,FCEB,E8,F0B1,3C90,0,0,0,0,0,0,0,0,0,3,0,0,0,0,0,0,0,0,0,0,0,0,0,0,0,0,0,0,0,0,0,0,0,0,0,0,0,0,0,0,0,0,0,0,0,0,0,0,0,0,0,0,0,0,0,0,0,0,0,0,2,2,2,2,2,0,3,0,0,0,0,0,0,0,0,0,0,0,0,0,0,0,0,0,0,0,0,0,0,0,0,0,0,0,0,0,0,0,0,0,0,0,0,0,0,0,0,0,0,0,0,0,0,0,0,0,0,2,2,2,2,2,FFFF,4000,4000,0
G8,HBH-608,5,4000,4000,0,5A67,7FB2,FFFF,2D33,0,C80,FF1A,1D80,F333,01EC,FFEE,200A,7F65,0,ED00,0,FFFF,3FD9,0,C80,FF1A,1B0C,F333,01EC,FFEE,200A,7F65,7fff,800,7fff,179f,0,20,800,2000,2000,fa,C8,1,190,40,20,3977,40,408A,800,63,4DFF,4DFF,2,3F00,7D0,0,20,100,200,200,400,300,258,32,1ca8,C8,2D55,100,FFFF,0,FF80,FBDB,FCEB,E8,F0B1,3C90,0,0,0,0,0,0,0,0,0,3,0,0,0,0,0,0,0,0,0,0,0,0,0,0,0,0,0,0,0,0,0,0,0,0,0,0,0,0,0,0,0,0,0,0,0,0,0,0,0,0,0,0,0,0,0,0,0,0,0,0,2,2,2,2,2,0,3,0,0,0,0,0,0,0,0,0,0,0,0,0,0,0,0,0,0,0,0,0,0,0,0,0,0,0,0,0,0,0,0,0,0,0,0,0,0,0,0,0,0,0,0,0,0,0,0,0,0,2,2,2,2,2,FFFF,4000,4000,0
G9,HBH-DS970,5,4000,4000,0,5092,7FB2,FFFF,2D33,0,C80,FF1A,1D80,F333,01EC,FFEE,200A,7F65,0,ED00,0,FFFF,3FD9,0,C80,FF1A,1B0C,F333,01EC,FFEE,200A,7F65,7fff,800,7fff,179f,0,30,800,2000,2000,fa,78,1,190,40,20,3977,40,408A,800,63,4DFF,4DFF,2,3F00,7D0,0,10,100,200,200,400,300,258,32,1ca8,C8,2D55,100,FFFF,0,FF80,FBDB,FCEB,E8,F0B1,3C90,0,0,0,0,0,0,0,0,0,3,0,0,0,0,0,0,0,0,0,0,0,0,0,0,0,0,0,0,0,0,0,0,0,0,0,0,0,0,0,0,0,0,0,0,0,0,0,0,0,0,0,0,0,0,0,0,0,0,0,0,2,2,2,2,2,0,3,0,0,0,0,0,0,0,0,0,0,0,0,0,0,0,0,0,0,0,0,0,0,0,0,0,0,0,0,0,0,0,0,0,0,0,0,0,0,0,0,0,0,0,0,0,0,0,0,0,0,2,2,2,2,2,FFFF,4000,4000,0
G10,i.Tech BlueBAND,5,4000,4000,0,7FB2,7FB2,FFFF,2D33,0,C80,FF1A,1D80,F333,01EC,FFEE,200A,7F65,0,ED00,0,FFFF,3FD9,0,C80,FF1A,1B0C,F333,01EC,FFEE,200A,7F65,7fff,800,7fff,179f,0,20,800,2000,2000,fa,78,1,190,40,20,3977,40,408A,800,63,4DFF,4DFF,2,3F00,7D0,0,40,100,200,200,400,300,258,32,1ca8,C8,2D55,100,FFFF,0,FF80,FBDB,FCEB,E8,F0B1,3C90,0,0,0,0,0,0,0,0,0,3,0,0,0,0,0,0,0,0,0,0,0,0,0,0,0,0,0,0,0,0,0,0,0,0,0,0,0,0,0,0,0,0,0,0,0,0,0,0,0,0,0,0,0,0,0,0,0,0,0,0,2,2,2,2,2,0,3,0,0,0,0,0,0,0,0,0,0,0,0,0,0,0,0,0,0,0,0,0,0,0,0,0,0,0,0,0,0,0,0,0,0,0,0,0,0,0,0,0,0,0,0,0,0,0,0,0,0,2,2,2,2,2,FFFF,4000,4000,0
G11,Nokia BH-800,5,4000,4000,0,7FB2,5A67,FFFF,2D33,0,C80,FF1A,1D80,F333,01EC,FFEE,200A,7F65,0,ED00,0,0,3FD9,0,780,FF9A,1B0C,F333,01EC,FFEE,200A,7F65,7fff,800,7fff,179f,0,78,800,2000,2000,fa,C8,1,190,40,20,3977,40,408A,800,63,4DFF,4DFF,2,3F00,BB8,0,60,100,800,400,400,300,258,32,1ca8,300,2D55,100,FFFF,0,FF80,FBDB,FCEB,E8,F0B1,3C90,0,0,0,0,0,0,0,0,0,3,0,0,0,0,0,0,0,0,0,0,0,0,0,0,0,0,0,0,0,0,0,0,0,0,0,0,0,0,0,0,0,0,0,0,0,0,0,0,0,0,0,0,0,0,0,0,0,0,0,0,2,2,2,2,2,0,3,0,0,0,0,0,0,0,0,0,0,0,0,0,0,0,0,0,0,0,0,0,0,0,0,0,0,0,0,0,0,0,0,0,0,0,0,0,0,0,0,0,0,0,0,0,0,0,0,0,0,2,2,2,2,2,FFFF,4000,4000,0
G12,Motorola H700,5,4000,4000,0,5A67,5A67,0,3FD9,0,C80,FF1A,1D80,F333,01EC,FFEE,200A,7F65,0,ED00,0,0,3FD9,0,F00,FF1A,1D80,F333,01EC,FFEE,200A,7F65,7fff,800,7fff,0,0,20,800,2000,2000,fa,78,1,190,40,20,3977,40,408A,800,63,4DFF,4DFF,2,3F00,BB8,0,40,100,400,200,400,300,258,32,1ca8,C8,2D55,100,FFFF,0,FF21,FD5D,FB9C,FA19,F8A4,3C90,0,0,0,0,0,0,0,0,0,3,0,0,0,0,0,0,0,0,0,0,0,0,0,0,0,0,0,0,0,0,0,0,0,0,0,0,0,0,0,0,0,0,0,0,0,0,0,0,0,0,0,0,0,0,0,0,0,0,0,0,2,2,2,2,2,0,3,0,0,0,0,0,0,0,0,0,0,0,0,0,0,0,0,0,0,0,0,0,0,0,0,0,0,0,0,0,0,0,0,0,0,0,0,0,0,0,0,0,0,0,0,0,0,0,0,0,0,2,2,2,2,2,FFFF,4000,4000,0
G13,HTC BH M200,5,4000,4000,0,4000,7FB2,0,3FD9,0,C80,FF1A,1D80,F333,01EC,FFEE,200A,7F65,0,ED00,0,0,3FD9,0,F00,FF1A,1D80,F333,01EC,FFEE,200A,7F65,7fff,800,7fff,0,0,20,800,2000,2000,fa,78,1,190,40,20,3977,40,408A,800,63,4DFF,4DFF,2,3F00,BB8,0,40,100,400,200,400,300,258,32,1ca8,C8,2D55,100,FFFF,0,0,0,0,0,0,4000,0,0,0,0,0,0,0,0,0,3,0,0,0,0,0,0,0,0,0,0,0,0,0,0,0,0,0,0,0,0,0,0,0,0,0,0,0,0,0,0,0,0,0,0,0,0,0,0,0,0,0,0,0,0,0,0,0,0,0,0,2,2,2,2,2,0,3,0,0,0,0,0,0,0,0,0,0,0,0,0,0,0,0,0,0,0,0,0,0,0,0,0,0,0,0,0,0,0,0,0,0,0,0,0,0,0,0,0,0,0,0,0,0,0,0,0,0,2,2,2,2,2,FFFF,4000,4000,0
G14,Jabra JX10,5,4000,4000,0,5A67,7FB2,FFFF,2D33,0,C80,FF1A,1D80,F333,01EC,FFEE,200A,7F65,0,ED00,0,0,3FD9,0,C80,FF1A,1B0C,F333,01EC,FFEE,200A,7F65,7fff,800,7fff,179f,0,60,800,2000,2000,fa,C8,1,190,40,20,3977,40,408A,800,63,4DFF,4DFF,2,3F00,7D0,0,20,100,400,200,400,300,258,32,1ca8,C8,2D55,100,FFFF,0,FF80,FBDB,FCEB,E8,F0B1,3C90,0,0,0,0,0,0,0,0,0,3,0,0,0,0,0,0,0,0,0,0,0,0,0,0,0,0,0,0,0,0,0,0,0,0,0,0,0,0,0,0,0,0,0,0,0,0,0,0,0,0,0,0,0,0,0,0,0,0,0,0,2,2,2,2,2,0,3,0,0,0,0,0,0,0,0,0,0,0,0,0,0,0,0,0,0,0,0,0,0,0,0,0,0,0,0,0,0,0,0,0,0,0,0,0,0,0,0,0,0,0,0,0,0,0,0,0,0,2,2,2,2,2,FFFF,4000,4000,0
G15,320Plantronics,5,4000,4000,0,7FB2,7FB2,FFFF,2D33,0,C80,FF1A,1D80,F333,01EC,FFEE,200A,7F65,0,ED00,0,0,3FD9,0,C80,FF1A,1B0C,F333,01EC,FFEE,200A,7F65,7fff,800,7fff,179f,0,20,800,2000,2000,fa,C8,1,190,40,20,3977,40,408A,800,63,4DFF,4DFF,2,3F00,7D0,0,20,100,400,200,400,300,258,32,1ca8,C8,2D55,100,FFFF,0,FF80,FBDB,FCEB,E8,F0B1,3C90,0,0,0,0,0,0,0,0,0,3,0,0,0,0,0,0,0,0,0,0,0,0,0,0,0,0,0,0,0,0,0,0,0,0,0,0,0,0,0,0,0,0,0,0,0,0,0,0,0,0,0,0,0,0,0,0,0,0,0,0,2,2,2,2,2,0,3,0,0,0,0,0,0,0,0,0,0,0,0,0,0,0,0,0,0,0,0,0,0,0,0,0,0,0,0,0,0,0,0,0,0,0,0,0,0,0,0,0,0,0,0,0,0,0,0,0,0,2,2,2,2,2,FFFF,4000,4000,0
G16,640Plantronics,5,4000,4000,0,7FB2,4000,0,2D33,0,C80,FF1A,1D80,F333,01EC,FFEE,200A,7F65,0,ED00,0,0,3FD9,0,C80,FF1A,1B0C,F333,01EC,FFEE,200A,7F65,7fff,800,7fff,179f,0,20,800,2000,2000,fa,C8,1,190,40,20,3977,40,408A,800,63,4DFF,4DFF,2,4000,BB8,0,20,161,400,200,400,300,258,32,1ca8,400,2D55,100,FFFF,0,FF21,FD5D,FB9C,FA19,F8A4,3C90,0,0,0,0,0,0,0,0,0,3,0,0,0,0,0,0,0,0,0,0,0,0,0,0,0,0,0,0,0,0,0,0,0,0,0,0,0,0,0,0,0,0,0,0,0,0,0,0,0,0,0,0,0,0,0,0,0,0,0,0,2,2,2,2,2,0,3,0,0,0,0,0,0,0,0,0,0,0,0,0,0,0,0,0,0,0,0,0,0,0,0,0,0,0,0,0,0,0,0,0,0,0,0,0,0,0,0,0,0,0,0,0,0,0,0,0,0,2,2,2,2,2,FFFF,4000,4000,0
G17,Jabra BT500,5,4000,4000,0,7FB2,5A67,0,2D33,0,C80,FF1A,1D80,F333,01EC,FFEE,200A,7F65,0,ED00,0,0,3FD9,0,C80,FF1A,1B0C,F333,01EC,FFEE,200A,7F65,7fff,800,7fff,179f,0,20,800,2000,2000,fa,C8,1,190,40,20,3977,40,408A,800,63,4DFF,4DFF,2,4000,BB8,0,40,161,800,200,400,300,258,32,1ca8,C8,2D55,100,FFFF,0,FF80,FBDB,FCEB,E8,F0B1,3C90,0,0,0,0,0,0,0,0,0,3,0,0,0,0,0,0,0,0,0,0,0,0,0,0,0,0,0,0,0,0,0,0,0,0,0,0,0,0,0,0,0,0,0,0,0,0,0,0,0,0,0,0,0,0,0,0,0,0,0,0,2,2,2,2,2,0,3,0,0,0,0,0,0,0,0,0,0,0,0,0,0,0,0,0,0,0,0,0,0,0,0,0,0,0,0,0,0,0,0,0,0,0,0,0,0,0,0,0,0,0,0,0,0,0,0,0,0,2,2,2,2,2,FFFF,4000,4000,0
G18,Motorola HT820,5,4000,4000,0,5092,7FB2,0,2D33,0,C80,FF1A,1D80,F333,01EC,FFEE,200A,7F65,0,ED00,0,0,3FD9,0,C80,FF1A,1B0C,F333,01EC,FFEE,200A,7F65,7fff,800,7fff,0,0,20,800,2000,2000,fa,C8,1,190,40,20,3977,40,408A,800,63,4DFF,4DFF,2,3F00,7D0,0,40,100,200,200,400,300,258,32,1ca8,C8,2D55,100,FFFF,0,FF10,FCC8,F8A0,F4F2,F04B,65AD,0,0,0,0,0,0,0,0,0,3,0,0,0,0,0,0,0,0,0,0,0,0,0,0,0,0,0,0,0,0,0,0,0,0,0,0,0,0,0,0,0,0,0,0,0,0,0,0,0,0,0,0,0,0,0,0,0,0,0,0,2,2,2,2,2,0,3,0,0,0,0,0,0,0,0,0,0,0,0,0,0,0,0,0,0,0,0,0,0,0,0,0,0,0,0,0,0,0,0,0,0,0,0,0,0,0,0,0,0,0,0,0,0,0,0,0,0,2,2,2,2,2,FFFF,4000,4000,0
G19,HBH-IV840,5,4000,4000,0,7FB2,7FB2,0,2D33,0,C80,FF1A,1D80,F333,01EC,FFEE,200A,7F65,0,ED00,0,0,2D33,0,C80,FF1A,1D80,F333,01EC,FFEE,200A,7F65,7fff,800,7fff,0,0,20,800,2000,2000,fa,78,1,190,40,20,3977,40,408A,800,63,4DFF,4DFF,2,3F00,7D0,0,20,100,200,200,400,300,258,64,1ca8,C8,2D55,100,FFFF,0,FF80,FBDB,FCEB,E8,F0B1,3C90,0,0,0,0,0,0,0,0,0,3,0,0,0,0,0,0,0,0,0,0,0,0,0,0,0,0,0,0,0,0,0,0,0,0,0,0,0,0,0,0,0,0,0,0,0,0,0,0,0,0,0,0,0,0,0,0,0,0,0,0,2,2,2,2,2,0,3,0,0,0,0,0,0,0,0,0,0,0,0,0,0,0,0,0,0,0,0,0,0,0,0,0,0,0,0,0,0,0,0,0,0,0,0,0,0,0,0,0,0,0,0,0,0,0,0,0,0,2,2,2,2,2,FFFF,4000,4000,0
G20,6XXPlantronics,5,4000,4000,0,7FB2,A0C2,0,2D33,0,C80,FF1A,1D80,F333,01EC,FFEE,200A,7F65,0,ED00,0,0,3FD9,0,C80,FF1A,1D80,F333,01EC,FFEE,200A,7F65,7fff,800,7fff,179f,0,20,800,2000,2000,fa,C8,1,190,40,20,3977,40,408A,800,63,4DFF,4DFF,2,3F00,7D0,0,0,0,0,0,400,300,258,64,1ca8,C8,2D55,100,FFFF,0,FF80,FBDB,FCEB,E8,F0B1,3C90,0,0,0,0,0,0,0,0,0,3,0,0,0,0,0,0,0,0,0,0,0,0,0,0,0,0,0,0,0,0,0,0,0,0,0,0,0,0,0,0,0,0,0,0,0,0,0,0,0,0,0,0,0,0,0,0,0,0,0,0,2,2,2,2,2,0,3,0,0,0,0,0,0,0,0,0,0,0,0,0,0,0,0,0,0,0,0,0,0,0,0,0,0,0,0,0,0,0,0,0,0,0,0,0,0,0,0,0,0,0,0,0,0,0,0,0,0,2,2,2,2,2,FFFF,4000,4000,0
G21,3xxPlantronics,5,4000,4000,0,5A67,4000,FFFF,2D33,0,C80,FF1A,1D80,F333,01EC,FFEE,200A,7F65,0,ED00,0,FFFF,3FD9,0,C80,FF1A,1D80,F333,01EC,FFEE,200A,7F65,7fff,800,7fff,179f,0,80,800,1500,2000,fa,78,1,190,40,20,3977,40,408A,800,63,4DFF,4DFF,2,3F00,BB8,0,20,100,100,200,400,300,258,64,1ca8,C8,2D55,100,FFFF,0,FF80,FBDB,FCEB,E8,F0B1,3C90,0,0,0,0,0,0,0,0,0,3,0,0,0,0,0,0,0,0,0,0,0,0,0,0,0,0,0,0,0,0,0,0,0,0,0,0,0,0,0,0,0,0,0,0,0,0,0,0,0,0,0,0,0,0,0,0,0,0,0,0,2,2,2,2,2,0,3,0,0,0,0,0,0,0,0,0,0,0,0,0,0,0,0,0,0,0,0,0,0,0,0,0,0,0,0,0,0,0,0,0,0,0,0,0,0,0,0,0,0,0,0,0,0,0,0,0,0,2,2,2,2,2,FFFF,4000,4000,0
G22,HBH-PV710,5,4000,4000,0,71CF,4000,FFFF,2D33,0,C80,FF1A,1D80,F333,01EC,FFEE,200A,7F65,0,ED00,0,FFFF,2D33,0,C80,FF1A,1D80,F333,01EC,FFEE,200A,7F65,7fff,800,7fff,179f,0,80,800,2000,2000,fa,78,1,190,40,20,3977,40,408A,800,63,4DFF,4DFF,2,3F00,7D0,0,20,100,200,200,400,300,258,64,1ca8,C8,2D55,100,FFFF,0,FF80,FBDB,FCEB,E8,F0B1,3C90,0,0,0,0,0,0,0,0,0,3,0,0,0,0,0,0,0,0,0,0,0,0,0,0,0,0,0,0,0,0,0,0,0,0,0,0,0,0,0,0,0,0,0,0,0,0,0,0,0,0,0,0,0,0,0,0,0,0,0,0,2,2,2,2,2,0,3,0,0,0,0,0,0,0,0,0,0,0,0,0,0,0,0,0,0,0,0,0,0,0,0,0,0,0,0,0,0,0,0,0,0,0,0,0,0,0,0,0,0,0,0,0,0,0,0,0,0,2,2,2,2,2,FFFF,4000,4000,0
G23,Motorola H670,5,4000,4000,0,7FB2,7FB2,FFFF,2D33,0,C80,FF1A,1D80,F333,01EC,FFEE,200A,7F65,0,ED00,0,FFFF,3FD9,0,C80,FF1A,1D80,F333,01EC,FFEE,200A,7F65,7fff,800,7fff,179f,0,80,800,2000,2000,fa,78,1,190,40,20,3977,40,408A,800,63,4DFF,4DFF,2,3F00,7D0,0,20,100,100,200,400,300,258,64,1ca8,C8,2D55,100,FFFF,0,FF80,FBDB,FCEB,E8,F0B1,3C90,0,0,0,0,0,0,0,0,0,3,0,0,0,0,0,0,0,0,0,0,0,0,0,0,0,0,0,0,0,0,0,0,0,0,0,0,0,0,0,0,0,0,0,0,0,0,0,0,0,0,0,0,0,0,0,0,0,0,0,0,2,2,2,2,2,0,3,0,0,0,0,0,0,0,0,0,0,0,0,0,0,0,0,0,0,0,0,0,0,0,0,0,0,0,0,0,0,0,0,0,0,0,0,0,0,0,0,0,0,0,0,0,0,0,0,0,0,2,2,2,2,2,FFFF,4000,4000,0
G24,HBM-300,5,4000,4000,0,7FB2,7FB2,FFFF,2D33,0,C80,FF1A,1D80,F333,01EC,FFEE,200A,7F65,0,ED00,0,FFFF,2D33,0,C80,FF1A,1D80,F333,01EC,FFEE,200A,7F65,7fff,800,7fff,179f,0,70,800,2000,2000,fa,78,1,190,40,20,3977,40,408A,800,63,4DFF,4DFF,2,3F00,7D0,0,20,100,200,200,400,300,258,64,1ca8,C8,2D55,100,FFFF,0,FF80,FBDB,FCEB,E8,F0B1,3C90,0,0,0,0,0,0,0,0,0,3,0,0,0,0,0,0,0,0,0,0,0,0,0,0,0,0,0,0,0,0,0,0,0,0,0,0,0,0,0,0,0,0,0,0,0,0,0,0,0,0,0,0,0,0,0,0,0,0,0,0,2,2,2,2,2,0,3,0,0,0,0,0,0,0,0,0,0,0,0,0,0,0,0,0,0,0,0,0,0,0,0,0,0,0,0,0,0,0,0,0,0,0,0,0,0,0,0,0,0,0,0,0,0,0,0,0,0,2,2,2,2,2,FFFF,4000,4000,0
G25,Nokia BH-208,5,4000,4000,0,5A67,7FB2,FFFF,2000,0,C80,FF1A,1D80,F333,01EC,FFEE,200A,7F65,0,ED00,0,FFFF,2D33,0,C80,FF1A,1D80,F333,01EC,FFEE,200A,7F65,7fff,800,7fff,179f,0,70,800,2000,2000,fa,C8,1,190,40,20,3977,40,408A,800,63,4DFF,4DFF,2,3F00,7D0,0,20,100,200,200,400,300,258,64,1ca8,C8,2D55,100,FFFF,0,FF80,FBDB,FCEB,E8,F0B1,3C90,0,0,0,0,0,0,0,0,0,3,0,0,0,0,0,0,0,0,0,0,0,0,0,0,0,0,0,0,0,0,0,0,0,0,0,0,0,0,0,0,0,0,0,0,0,0,0,0,0,0,0,0,0,0,0,0,0,0,0,0,2,2,2,2,2,0,3,0,0,0,0,0,0,0,0,0,0,0,0,0,0,0,0,0,0,0,0,0,0,0,0,0,0,0,0,0,0,0,0,0,0,0,0,0,0,0,0,0,0,0,0,0,0,0,0,0,0,2,2,2,2,2,FFFF,4000,4000,0
G26,Samsung WEP410,5,4000,4000,0,7FB2,2D4E,FFFF,2000,0,C80,FF1A,1D80,F333,01EC,FFEE,200A,7F65,0,ED00,0,FFFF,2D33,0,C80,FF1A,1D80,F333,01EC,FFEE,200A,7F65,7fff,800,7fff,179f,0,20,800,2000,2000,fa,78,1,190,40,20,3977,40,408A,800,63,4DFF,4DFF,2,3F00,7D0,0,0,100,200,150,400,300,258,64,1ca8,C8,2D55,100,FFFF,0,FF80,FBDB,FCEB,E8,F0B1,3C90,0,0,0,0,0,0,0,0,0,3,0,0,0,0,0,0,0,0,0,0,0,0,0,0,0,0,0,0,0,0,0,0,0,0,0,0,0,0,0,0,0,0,0,0,0,0,0,0,0,0,0,0,0,0,0,0,0,0,0,0,2,2,2,2,2,0,3,0,0,0,0,0,0,0,0,0,0,0,0,0,0,0,0,0,0,0,0,0,0,0,0,0,0,0,0,0,0,0,0,0,0,0,0,0,0,0,0,0,0,0,0,0,0,0,0,0,0,2,2,2,2,2,FFFF,4000,4000,0
G27,Jabra BT8010,5,4000,4000,0,7FB2,71CF,0,2D33,0,C80,FF1A,1D80,F333,01EC,FFEE,200A,7F65,0,ED00,0,0,3FD9,0,C80,FF1A,1B0C,F333,01EC,FFEE,200A,7F65,7fff,800,7fff,0,0,30,800,2000,2000,fa,78,1,190,40,20,3977,40,408A,800,63,4DFF,4DFF,2,3F00,7D0,0,10,100,200,200,400,300,258,64,1ca8,C8,2D55,100,FFFF,0,FF80,FBDB,FCEB,E8,F0B1,3C90,0,0,0,0,0,0,0,0,0,3,0,0,0,0,0,0,0,0,0,0,0,0,0,0,0,0,0,0,0,0,0,0,0,0,0,0,0,0,0,0,0,0,0,0,0,0,0,0,0,0,0,0,0,0,0,0,0,0,0,0,2,2,2,2,2,0,3,0,0,0,0,0,0,0,0,0,0,0,0,0,0,0,0,0,0,0,0,0,0,0,0,0,0,0,0,0,0,0,0,0,0,0,0,0,0,0,0,0,0,0,0,0,0,0,0,0,0,2,2,2,2,2,FFFF,4000,4000,0
G28,Motorola S9,5,4000,4000,0,7FB2,4000,0,3FD9,0,C80,FF1A,1D80,F333,01EC,FFEE,200A,7F65,0,ED00,0,0,3FD9,0,F00,FF1A,1D80,F333,01EC,FFEE,200A,7F65,7fff,800,7fff,0,0,20,800,2000,2000,fa,78,1,190,40,20,3977,40,408A,800,63,4DFF,4DFF,2,3F00,BB8,0,40,100,400,200,400,300,258,64,1ca8,C8,2D55,100,FFFF,0,FF21,FD5D,FB9C,FA19,F8A4,3C90,0,0,0,0,0,0,0,0,0,3,0,0,0,0,0,0,0,0,0,0,0,0,0,0,0,0,0,0,0,0,0,0,0,0,0,0,0,0,0,0,0,0,0,0,0,0,0,0,0,0,0,0,0,0,0,0,0,0,0,0,2,2,2,2,2,0,3,0,0,0,0,0,0,0,0,0,0,0,0,0,0,0,0,0,0,0,0,0,0,0,0,0,0,0,0,0,0,0,0,0,0,0,0,0,0,0,0,0,0,0,0,0,0,0,0,0,0,2,2,2,2,2,FFFF,4000,4000,0
G29,Jabra BT620s,5,4000,4000,0,5A67,7FB2,FFFF,2D33,0,C80,FF1A,1D80,F333,01EC,FFEE,200A,7F65,0,ED00,0,0,3FD9,0,C80,FF1A,1B0C,F333,01EC,FFEE,200A,7F65,7fff,800,7fff,179f,0,270,800,2000,2000,fa,C8,1,190,40,20,3977,40,408A,800,63,4DFF,4DFF,2,4000,BB8,0,40,100,200,200,400,300,258,64,1ca8,C8,2D55,100,FFFF,0,FF80,FBDB,FCEB,E8,F0B1,3C90,0,0,0,0,0,0,0,0,0,3,0,0,0,0,0,0,0,0,0,0,0,0,0,0,0,0,0,0,0,0,0,0,0,0,0,0,0,0,0,0,0,0,0,0,0,0,0,0,0,0,0,0,0,0,0,0,0,0,0,0,2,2,2,2,2,0,3,0,0,0,0,0,0,0,0,0,0,0,0,0,0,0,0,0,0,0,0,0,0,0,0,0,0,0,0,0,0,0,0,0,0,0,0,0,0,0,0,0,0,0,0,0,0,0,0,0,0,2,2,2,2,2,FFFF,4000,4000,0
G30,Nokia BH-902,5,4000,4000,0,71CF,7FB2,FFFF,2D33,0,C80,FF1A,1D80,F333,01EC,FFEE,200A,7F65,0,ED00,0,FFFF,2D33,0,C80,FF1A,1D80,F333,01EC,FFEE,200A,7F65,7fff,800,7fff,0,0,70,800,2000,2000,fa,C8,1,190,40,20,3977,40,408A,800,63,4DFF,4DFF,2,3F00,7D0,0,20,100,200,200,400,300,258,64,1ca8,C8,2D55,100,FFFF,0,FF80,FBDB,FCEB,E8,F0B1,3C90,0,0,0,0,0,0,0,0,0,3,0,0,0,0,0,0,0,0,0,0,0,0,0,0,0,0,0,0,0,0,0,0,0,0,0,0,0,0,0,0,0,0,0,0,0,0,0,0,0,0,0,0,0,0,0,0,0,0,0,0,2,2,2,2,2,0,3,0,0,0,0,0,0,0,0,0,0,0,0,0,0,0,0,0,0,0,0,0,0,0,0,0,0,0,0,0,0,0,0,0,0,0,0,0,0,0,0,0,0,0,0,0,0,0,0,0,0,2,2,2,2,2,FFFF,4000,4000,0
G31,HBH-DS220,5,4000,4000,0,4000,B45F,FFFF,2D33,0,C80,FF1A,1D80,F333,01EC,FFEE,200A,7F65,0,ED00,0,0,2D33,0,C80,FF1A,1D80,F333,01EC,FFEE,200A,7F65,7fff,800,7fff,0,0,20,800,2000,2000,fa,78,1,190,40,20,3977,40,408A,800,63,4DFF,4DFF,2,3F00,7D0,0,20,100,200,200,400,300,258,64,1ca8,C8,2D55,100,FFFF,0,FF80,FBDB,FCEB,E8,F0B1,3C90,0,0,0,0,0,0,0,0,0,3,0,0,0,0,0,0,0,0,0,0,0,0,0,0,0,0,0,0,0,0,0,0,0,0,0,0,0,0,0,0,0,0,0,0,0,0,0,0,0,0,0,0,0,0,0,0,0,0,0,0,2,2,2,2,2,0,3,0,0,0,0,0,0,0,0,0,0,0,0,0,0,0,0,0,0,0,0,0,0,0,0,0,0,0,0,0,0,0,0,0,0,0,0,0,0,0,0,0,0,0,0,0,0,0,0,0,0,2,2,2,2,2,FFFF,4000,4000,0
G32,HBH-DS980,5,4000,4000,0,5092,7FB2,FFFF,2D33,0,C80,FF1A,1D80,F333,01EC,FFEE,200A,7F65,0,ED00,0,FFFF,2D33,0,C80,FF1A,1D80,F333,01EC,FFEE,200A,7F65,7fff,800,7fff,179f,0,30,800,2000,2000,fa,78,1,190,40,20,3977,40,408A,800,63,4DFF,4DFF,2,3F00,7D0,0,10,100,200,200,400,300,258,32,1ca8,C8,2D55,100,FFFF,0,FF80,FBDB,FCEB,E8,F0B1,3C90,0,0,0,0,0,0,0,0,0,3,0,0,0,0,0,0,0,0,0,0,0,0,0,0,0,0,0,0,0,0,0,0,0,0,0,0,0,0,0,0,0,0,0,0,0,0,0,0,0,0,0,0,0,0,0,0,0,0,0,0,2,2,2,2,2,0,3,0,0,0,0,0,0,0,0,0,0,0,0,0,0,0,0,0,0,0,0,0,0,0,0,0,0,0,0,0,0,0,0,0,0,0,0,0,0,0,0,0,0,0,0,0,0,0,0,0,0,2,2,2,2,2,FFFF,4000,4000,0
G33,BT_EC_OFF,5,4000,4000,0,7FB2,7FB2,0,2D33,0,C80,FF1A,1D80,F333,01EC,FFEE,200A,7F65,0,ED00,0,0,3FD9,0,C80,FF1A,1B0C,F333,01EC,FFEE,200A,7F65,7fff,800,7fff,0,0,11,800,2000,2000,fa,C8,1,190,40,20,3977,40,408A,800,63,4DFF,4DFF,2,5208,1F40,0,106,161,800,200,1912,300,258,32,1ca8,C8,2D55,100,FFFF,0,0,0,0,0,0,4000,0,0,0,0,0,0,0,0,0,3,0,0,0,0,0,0,0,0,0,0,0,0,0,0,0,0,0,0,0,0,0,0,0,0,0,0,0,0,0,0,0,0,0,0,0,0,0,0,0,0,0,0,0,0,0,0,0,0,0,0,2,2,2,2,2,0,3,0,0,0,0,0,0,0,0,0,0,0,0,0,0,0,0,0,0,0,0,0,0,0,0,0,0,0,0,0,0,0,0,0,0,0,0,0,0,0,0,0,0,0,0,0,0,0,0,0,0,2,2,2,2,2,FFFF,4000,4000,0
G34,8XXPlantronics,5,4000,4000,0,7FB2,7FB2,0,3FD9,0,C80,FF1A,1D80,F333,01EC,FFEE,200A,7F65,0,ED00,0,0,3FD9,0,F00,FF1A,1D80,F333,01EC,FFEE,200A,7F65,7fff,800,7fff,179F,0,0,800,2000,2000,fa,190,1,190,40,20,3977,40,408A,800,63,4DFF,4DFF,2,4000,BB8,0,40,100,200,200,400,300,258,64,1ca8,C8,2D55,100,FFFF,0,FF80,FBDB,FCEB,E8,F0B1,3C90,0,0,0,0,0,0,0,0,0,3,0,0,0,0,0,0,0,0,0,0,0,0,0,0,0,0,0,0,0,0,0,0,0,0,0,0,0,0,0,0,0,0,0,0,0,0,0,0,0,0,0,0,0,0,0,0,0,0,0,0,2,2,2,2,2,0,3,0,0,0,0,0,0,0,0,0,0,0,0,0,0,0,0,0,0,0,0,0,0,0,0,0,0,0,0,0,0,0,0,0,0,0,0,0,0,0,0,0,0,0,0,0,0,0,0,0,0,2,2,2,2,2,FFFF,4000,4000,0
G35,Palm Headset,5,4000,4000,0,4000,4000,FFFF,2000,0,C80,FF03,2080,F333,01EC,FFEE,200A,7F65,0,ED00,0,FFFF,2000,0,780,FF9A,2080,F333,01EC,FFEE,200A,7F65,7FFF,800,21DB,149F,0,78,800,5A30,2000,1A4,C8,2,190,40,20,3977,40,408A,800,63,4DFF,4DFF,2,5208,1F40,0,50,161,800,200,1912,300,258,190,1CA8,C8,2D55,100,0,0,0,0,0,0,0,0,0,0,0,0,0,0,0,0,0,3,0,0,0,0,0,0,0,0,0,0,0,0,0,0,0,0,0,0,0,0,0,0,0,0,0,0,0,0,0,0,0,0,0,0,0,0,0,0,0,0,0,0,0,0,0,0,0,0,0,0,2,2,2,2,2,0,3,0,0,0,0,0,0,0,0,0,0,0,0,0,0,0,0,0,0,0,0,0,0,0,0,0,0,0,0,0,0,0,0,0,0,0,0,0,0,0,0,0,0,0,0,0,0,0,0,0,0,2,2,2,2,2,FFFF,4000,4000,0
G36,Jawbone,5,4000,4000,0,4000,7FB2,0,7F65,0,780,FF9A,1B0C,F333,01EC,FFEE,200A,7F65,0,ED00,0,0,2000,0,0C80,FF9A,2100,F333,01EC,FFEE,200A,7F65,7FFF,800,21DB,0,0,78,800,5A30,2000,1A4,C8,2,190,40,20,3977,40,408A,800,63,4DFF,4DFF,2,5208,1F40,0,50,161,800,200,1912,300,258,190,1214,C8,2D55,100,0,0,0,0,0,0,0,0,0,0,0,0,0,0,0,0,0,3,0,0,0,0,0,0,0,0,0,0,0,0,0,0,0,0,0,0,0,0,0,0,0,0,0,0,0,0,0,0,0,0,0,0,0,0,0,0,0,0,0,0,0,0,0,0,0,0,0,0,2,2,2,2,2,0,3,0,0,0,0,0,0,0,0,0,0,0,0,0,0,0,0,0,0,0,0,0,0,0,0,0,0,0,0,0,0,0,0,0,0,0,0,0,0,0,0,0,0,0,0,0,0,0,0,0,0,2,2,2,2,2,FFFF,4000,4000,0
G37,Jawbone1234,5,4000,4000,0,4000,7FB2,0,7F65,0,780,FF9A,1B0C,F333,01EC,FFEE,200A,7F65,0,ED00,0,0,2000,0,0C80,FF9A,2100,F333,01EC,FFEE,200A,7F65,7FFF,800,21DB,0,0,78,800,5A30,2000,1A4,C8,2,190,40,20,3977,40,408A,800,63,4DFF,4DFF,2,5208,1F40,0,50,161,800,200,1912,300,258,190,1214,C8,2D55,100,0,0,0,0,0,0,0,0,0,0,0,0,0,0,0,0,0,3,0,0,0,0,0,0,0,0,0,0,0,0,0,0,0,0,0,0,0,0,0,0,0,0,0,0,0,0,0,0,0,0,0,0,0,0,0,0,0,0,0,0,0,0,0,0,0,0,0,0,2,2,2,2,2,0,3,0,0,0,0,0,0,0,0,0,0,0,0,0,0,0,0,0,0,0,0,0,0,0,0,0,0,0,0,0,0,0,0,0,0,0,0,0,0,0,0,0,0,0,0,0,0,0,0,0,0,2,2,2,2,2,FFFF,4000,4000,0
G38,590Plantronics,5,4000,4000,0,7FB2,4000,FFFF,2000,0,780,FF03,2400,F333,01EC,FFEE,200A,7F65,0,ED00,600,FFFF,2000,0,0C80,FF03,2400,F333,01EC,FFEE,200A,7F65,7FFF,800,21DB,149F,0,78,800,5A30,2000,1A4,C8,2,190,40,20,3977,40,408A,800,63,4DFF,4DFF,2,5DC0,2EE0,0,50,161,800,2BC,1912,300,258,190,1CA8,300,2D55,100,FFFF,F76E,FD79,FD34,FCFB,FCCF,FCB3,3F6B,0,13,ffdc,fdaa,ff4e,f955,fa96,3ebe,0,3,0,0,0,0,0,0,0,0,0,0,0,0,0,0,0,0,0,0,0,0,0,0,0,0,0,0,0,0,0,0,0,0,0,0,0,0,0,0,0,0,0,0,0,0,0,0,0,0,0,0,2,2,2,2,2,0,3,0,0,0,0,0,0,0,0,0,0,0,0,0,0,0,0,0,0,0,0,0,0,0,0,0,0,0,0,0,0,0,0,0,0,0,0,0,0,0,0,0,0,0,0,0,0,0,0,0,0,2,2,2,2,2,FFFF,4000,4000,0
G39,Audi UHV 6384,5,4000,4000,0,7FB2,4000,0,2000,0,780,FF9A,2080,F333,01EC,FFEE,200A,7F65,0,ED00,600,0,2000,0,0C80,FF9A,2080,F333,01EC,FFEE,200A,7F65,7FFF,800,21DB,0,0,78,800,2000,2000,1A4,C8,2,190,40,20,3977,40,408A,800,63,4DFF,4DFF,2,5DC0,2EE0,0,106,161,800,2BC,1912,300,258,190,1CA8,300,2D55,100,FFFF,0,FFA1,FE78,FCB2,FAC4,F944,78BA,0,0,FFC1,FEFD,FDD1,FC8B,FB8D,7B32,0,3,0,0,0,0,0,0,0,0,0,0,0,0,0,0,0,0,0,0,0,0,0,0,0,0,0,0,0,0,0,0,0,0,0,0,0,0,0,0,0,0,0,0,0,0,0,0,0,0,0,0,2,2,2,2,2,0,3,0,0,0,0,0,0,0,0,0,0,0,0,0,0,0,0,0,0,0,0,0,0,0,0,0,0,0,0,0,0,0,0,0,0,0,0,0,0,0,0,0,0,0,0,0,0,0,0,0,0,2,2,2,2,2,FFFF,4000,4000,0
G40,BlueConnect(tm),5,4000,4000,0,5A67,4000,0,2000,0,780,FF9A,2100,F333,01EC,FFEE,200A,7F65,0,ED00,600,0,2000,0,0C80,FF9A,2100,F333,01EC,FFEE,200A,7F65,7FFF,800,21DB,0,0,78,800,2000,2000,1A4,C8,2,190,40,20,3977,40,408A,800,63,4DFF,4DFF,2,5DC0,2EE0,0,106,161,800,2BC,1912,300,258,190,1CA8,300,2D55,100,0,0,0,0,0,0,0,0,0,0,0,0,0,0,0,0,0,3,0,0,0,0,0,0,0,0,0,0,0,0,0,0,0,0,0,0,0,0,0,0,0,0,0,0,0,0,0,0,0,0,0,0,0,0,0,0,0,0,0,0,0,0,0,0,0,0,0,0,2,2,2,2,2,0,3,0,0,0,0,0,0,0,0,0,0,0,0,0,0,0,0,0,0,0,0,0,0,0,0,0,0,0,0,0,0,0,0,0,0,0,0,0,0,0,0,0,0,0,0,0,0,0,0,0,0,2,2,2,2,2,FFFF,4000,4000,0
G41,HandsFreeLink TM,5,4000,4000,0,5A67,4000,0,2000,0,780,FF9A,2100,F333,01EC,FFEE,200A,7F65,0,ED00,600,0,2000,0,0C80,FF9A,2100,F333,01EC,FFEE,200A,7F65,7FFF,800,21DB,0,0,78,800,2000,2000,1A4,C8,2,190,40,20,3977,40,408A,800,63,4DFF,4DFF,2,5DC0,2EE0,0,106,161,800,2BC,1912,300,258,190,1CA8,300,2D55,100,0,0,0,0,0,0,0,0,0,0,0,0,0,0,0,0,0,3,0,0,0,0,0,0,0,0,0,0,0,0,0,0,0,0,0,0,0,0,0,0,0,0,0,0,0,0,0,0,0,0,0,0,0,0,0,0,0,0,0,0,0,0,0,0,0,0,0,0,2,2,2,2,2,0,3,0,0,0,0,0,0,0,0,0,0,0,0,0,0,0,0,0,0,0,0,0,0,0,0,0,0,0,0,0,0,0,0,0,0,0,0,0,0,0,0,0,0,0,0,0,0,0,0,0,0,2,2,2,2,2,FFFF,4000,4000,0
G42,Parrot 3400LS,5,4000,4000,0,7FB2,4000,0,2000,0,780,FF9A,1B0C,F333,01EC,FFEE,200A,7F65,0,ED00,600,0,2000,0,780,FF9A,1B0C,F333,01EC,FFEE,200A,7F65,7FFF,800,21DB,0,0,78,800,2000,2000,1A4,C8,2,190,40,20,3977,40,408A,800,63,4DFF,4DFF,2,5DC0,2EE0,0,106,161,800,2BC,1912,300,258,190,1CA8,300,2D55,100,0,0,0,0,0,0,0,0,0,0,0,0,0,0,0,0,0,3,0,0,0,0,0,0,0,0,0,0,0,0,0,0,0,0,0,0,0,0,0,0,0,0,0,0,0,0,0,0,0,0,0,0,0,0,0,0,0,0,0,0,0,0,0,0,0,0,0,0,2,2,2,2,2,0,3,0,0,0,0,0,0,0,0,0,0,0,0,0,0,0,0,0,0,0,0,0,0,0,0,0,0,0,0,0,0,0,0,0,0,0,0,0,0,0,0,0,0,0,0,0,0,0,0,0,0,2,2,2,2,2,FFFF,4000,4000,0
G43,BMW,5,4000,4000,0,7FB2,4000,0,2000,0,780,FF9A,2080,F333,01EC,FFEE,200A,7F65,0,ED00,600,0,2000,0,0C80,FF9A,2080,F333,01EC,FFEE,200A,7F65,7FFF,800,21DB,0,0,78,800,2000,2000,1A4,C8,2,190,40,20,3977,40,408A,800,63,4DFF,4DFF,2,5DC0,2EE0,0,106,161,800,2BC,1912,300,258,190,1CA8,300,2D55,100,FFFF,0,FFA1,FE78,FCB2,FAC4,F944,78BA,0,0,0,0,0,0,0,0,0,3,0,0,0,0,0,0,0,0,0,0,0,0,0,0,0,0,0,0,0,0,0,0,0,0,0,0,0,0,0,0,0,0,0,0,0,0,0,0,0,0,0,0,0,0,0,0,0,0,0,0,2,2,2,2,2,0,3,0,0,0,0,0,0,0,0,0,0,0,0,0,0,0,0,0,0,0,0,0,0,0,0,0,0,0,0,0,0,0,0,0,0,0,0,0,0,0,0,0,0,0,0,0,0,0,0,0,0,2,2,2,2,2,FFFF,4000,4000,0
G44,Motorola H350,5,4000,4000,0,656E ,CA62 ,FFFF ,2000,0,C80,FF03 ,2300,F333 ,01EC ,FFEE ,200A ,7F65 ,0,0,0,0,7F65 ,0,780,FF9A ,1B0C ,F333 ,01EC ,FFEE ,200A ,7F65 ,7FFF ,800,21DB ,179F ,0,96,800,5A30 ,2000,1A4 ,A0 ,2,190,40,20,3977,40,408A ,800,63,4DFF,4DFF,2,4C00 ,1A00 ,0,20,161,800,200,1912,300,258,190,1CA8 ,50,2D55 ,100,0,0,0,0,0,0,0,0,0,0,0,0,0,0,0,0,0,3,0,0,0,0,0,0,0,0,0,0,0,0,0,0,0,0,0,0,0,0,0,0,0,0,0,0,0,0,0,0,0,0,0,0,0,0,0,0,0,0,0,0,0,0,0,0,0,0,0,0,2,2,2,2,2,0,3,0,0,0,0,0,0,0,0,0,0,0,0,0,0,0,0,0,0,0,0,0,0,0,0,0,0,0,0,0,0,0,0,0,0,0,0,0,0,0,0,0,0,0,0,0,0,0,0,0,0,2,2,2,2,2,FFFF,4000,4000,0
G45,Jabra BT135,5,4000,4000,0,7FB2 ,4000,FFFF ,4000,0,1180,FF03 ,2400,F333 ,01EC ,FFEE ,200A ,7F65 ,0,0,0,FFFF ,2880,0,0C80 ,FF03 ,2400,F333 ,01EC ,FFEE ,200A ,7F65 ,7FFF ,800,21DB ,179F ,0,78,800,5A30 ,2000,1A4 ,C8 ,2,190,40,20,3977,40,408A ,800,63,4DFF,4DFF,2,5208,1F40 ,0,20,161,800,200,1912,300,258,190,1CA8 ,C8 ,2D55 ,100,0,0,0,0,0,0,0,0,0,0,0,0,0,0,0,0,0,3,0,0,0,0,0,0,0,0,0,0,0,0,0,0,0,0,0,0,0,0,0,0,0,0,0,0,0,0,0,0,0,0,0,0,0,0,0,0,0,0,0,0,0,0,0,0,0,0,0,0,2,2,2,2,2,0,3,0,0,0,0,0,0,0,0,0,0,0,0,0,0,0,0,0,0,0,0,0,0,0,0,0,0,0,0,0,0,0,0,0,0,0,0,0,0,0,0,0,0,0,0,0,0,0,0,0,0,2,2,2,2,2,FFFF,4000,4000,0
G46,Jabra BT160,5,4000,4000,0,6500,6000,FFFF,2000,0,1180,FF03,2000,F333,01EC,FFEE,200A,7F65,0,ED00,600,FFFF,2000,0,0C80,FF03,2400,F333,01EC,FFEE,200A,7F65,7FFF,800,21DB,179F,0,70,800,2000,2000,1A4,C8,2,190,40,20,3977,40,408A,800,63,4DFF,4DFF,2,5208,1F40,0,50,161,800,200,1912,300,258,190,1CA8,C8,2D55,100,0,0,0,0,0,0,0,0,0,0,0,0,0,0,0,0,0,3,0,0,0,0,0,0,0,0,0,0,0,0,0,0,0,0,0,0,0,0,0,0,0,0,0,0,0,0,0,0,0,0,0,0,0,0,0,0,0,0,0,0,0,0,0,0,0,0,0,0,2,2,2,2,2,0,3,0,0,0,0,0,0,0,0,0,0,0,0,0,0,0,0,0,0,0,0,0,0,0,0,0,0,0,0,0,0,0,0,0,0,0,0,0,0,0,0,0,0,0,0,0,0,0,0,0,0,2,2,2,2,2,FFFF,4000,4000,0
G47,Motorola H721,5,4000,4000,0,71CF,2D4E,0,2D33,0,C80,FF1A,1D80,F333,01EC,FFEE,200A,7F65,0,ED00,0,0,3FD9,0,C80,FF1A,1B0C,F333,01EC,FFEE,200A,7F65,7fff,800,7fff,179f,0,200,800,2000,2000,fa,46,1,190,40,20,3977,40,408A,800,63,4DFF,4DFF,2,3F00,1200,0,20,100,200,200,400,300,258,32,1ca8,1000,2D55,100,FFFF,0,FF21,FD5D,FB9C,FA19,F8A4,3C90,0,0,0,0,0,0,0,0,0,3,0,0,0,0,0,0,0,0,0,0,0,0,0,0,0,0,0,0,0,0,0,0,0,0,0,0,0,0,0,0,0,0,0,0,0,0,0,0,0,0,0,0,0,0,0,0,0,0,0,0,2,2,2,2,2,0,3,0,0,0,0,0,0,0,0,0,0,0,0,0,0,0,0,0,0,0,0,0,0,0,0,0,0,0,0,0,0,0,0,0,0,0,0,0,0,0,0,0,0,0,0,0,0,0,0,0,0,2,2,2,2,2,FFFF,4000,4000,0
G48,Jabra BT8040,5,4000,4000,0,7FB2,7FB2,0,2D33,0,C80,FF1A,1D80,F333,01EC,FFEE,200A,7F65,0,ED00,0,0,3FD9,0,C80,FF1A,1B0C,F333,01EC,FFEE,200A,7F65,7FFF,800,7FFF,4,0,20,800,2000,2000,fa,C8,1,190,40,20,3977,40,408A,800,63,4DFF,4DFF,2,3F00,7D0,0,100,100,200,200,400,300,200,64,1ca8,C8,2D55,100,FFFF,0,FF2D,FD74,FBA1,F9F6,F864,3C90,0,0,0,0,0,0,0,0,0,3,0,0,0,0,0,0,0,0,0,0,0,0,0,0,0,0,0,0,0,0,0,0,0,0,0,0,0,0,0,0,0,0,0,0,0,0,0,0,0,0,0,0,0,0,0,0,0,0,0,0,2,2,2,2,2,0,3,0,0,0,0,0,0,0,0,0,0,0,0,0,0,0,0,0,0,0,0,0,0,0,0,0,0,0,0,0,0,0,0,0,0,0,0,0,0,0,0,0,0,0,0,0,0,0,0,0,0,2,2,2,2,2,FFFF,4000,4000,0
G49,DoCoMo Wireless P01,5,4000,4000,0,FEC9,7FB2,0,2D33,0,C80,FF1A,1D80,F333,01EC,FFEE,200A,7F65,0,ED00,0,FFFF,3FD9,0,C80,FF1A,1B0C,F333,01EC,FFEE,200A,7F65,7fff,800,7fff,179f,0,20,800,2000,2000,fa,C8,1,190,40,20,3977,40,408A,800,63,4DFF,4DFF,2,5208,1F40,0,40,100,400,200,400,300,258,32,1ca8,C8,2D55,100,FFFF,0,FF80,FBDB,FCEB,E8,F0B1,3C90,0,0,0,0,0,0,0,0,0,3,0,0,0,0,0,0,0,0,0,0,0,0,0,0,0,0,0,0,0,0,0,0,0,0,0,0,0,0,0,0,0,0,0,0,0,0,0,0,0,0,0,0,0,0,0,0,0,0,0,0,2,2,2,2,2,0,3,0,0,0,0,0,0,0,0,0,0,0,0,0,0,0,0,0,0,0,0,0,0,0,0,0,0,0,0,0,0,0,0,0,0,0,0,0,0,0,0,0,0,0,0,0,0,0,0,0,0,2,2,2,2,2,FFFF,4000,4000,0
G50,SoundLeaf+,5,4000,4000,0,B45F,7FB2,0,2D33,0,C80,FF1A,1D80,F333,01EC,FFEE,200A,7F65,0,ED00,0,FFFF,3FD9,0,C80,FF1A,1B0C,F333,01EC,FFEE,200A,7F65,7fff,800,7fff,179f,0,50,800,2000,2000,fa,C8,1,190,40,20,3977,40,408A,800,63,4DFF,4DFF,2,3F00,7D0,0,40,100,400,200,400,300,258,32,1ca8,C8,2D55,100,FFFF,0,FF80,FBDB,FCEB,E8,F0B1,3C90,0,0,0,0,0,0,0,0,0,3,0,0,0,0,0,0,0,0,0,0,0,0,0,0,0,0,0,0,0,0,0,0,0,0,0,0,0,0,0,0,0,0,0,0,0,0,0,0,0,0,0,0,0,0,0,0,0,0,0,0,2,2,2,2,2,0,3,0,0,0,0,0,0,0,0,0,0,0,0,0,0,0,0,0,0,0,0,0,0,0,0,0,0,0,0,0,0,0,0,0,0,0,0,0,0,0,0,0,0,0,0,0,0,0,0,0,0,2,2,2,2,2,FFFF,4000,4000,0
G51,Nokia BH-103,5,4000,4000,0,5A67,7FB2,FFFF,2000,0,C80,FF1A,1D80,F333,01EC,FFEE,200A,7F65,0,ED00,0,FFFF,2D33,0,C80,FF1A,1D80,F333,01EC,FFEE,200A,7F65,7fff,800,7fff,179f,0,A2,800,2000,2000,fa,C8,1,190,40,20,3977,40,408A,800,63,4DFF,4DFF,2,3F00,7D0,0,20,100,200,200,400,300,258,64,1ca8,C8,2D55,100,FFFF,0,FF80,FBDB,FCEB,E8,F0B1,3C90,0,0,0,0,0,0,0,0,0,3,0,0,0,0,0,0,0,0,0,0,0,0,0,0,0,0,0,0,0,0,0,0,0,0,0,0,0,0,0,0,0,0,0,0,0,0,0,0,0,0,0,0,0,0,0,0,0,0,0,0,2,2,2,2,2,0,3,0,0,0,0,0,0,0,0,0,0,0,0,0,0,0,0,0,0,0,0,0,0,0,0,0,0,0,0,0,0,0,0,0,0,0,0,0,0,0,0,0,0,0,0,0,0,0,0,0,0,2,2,2,2,2,FFFF,4000,4000,0
G52,Jabra BT530,5,4000,4000,0,656E ,B45F,FFFF,2D33,0,C80,FF1A,1D80,F333,01EC,FFEE,200A,7F65,0,ED00,0,0,3FD9,0,C80,FF1A,1B0C,F333,01EC,FFEE,200A,7F65,7FFF,800,7FFF,179F,0,20,800,2000,2000,fa,C8,1,190,40,20,3977,40,408A,800,63,4DFF,4DFF,2,3F00,7D0,0,100,100,200,200,400,300,200,64,1ca8,C8,2D55,100,FFFF,0,FF2D,FD74,FBA1,F9F6,F864,3C90,0,0,0,0,0,0,0,0,0,3,0,0,0,0,0,0,0,0,0,0,0,0,0,0,0,0,0,0,0,0,0,0,0,0,0,0,0,0,0,0,0,0,0,0,0,0,0,0,0,0,0,0,0,0,0,0,0,0,0,0,2,2,2,2,2,0,3,0,0,0,0,0,0,0,0,0,0,0,0,0,0,0,0,0,0,0,0,0,0,0,0,0,0,0,0,0,0,0,0,0,0,0,0,0,0,0,0,0,0,0,0,0,0,0,0,0,0,2,2,2,2,2,FFFF,4000,4000,0
G53,Jabra BT3030,5,4000,4000,0,5A67,7FB2,FFFF,2000,0,C80,FF1A,1D80,F333,01EC,FFEE,200A,7F65,0,ED00,0,FFFF,2D33,0,C80,FF1A,1D80,F333,01EC,FFEE,200A,7F65,7fff,800,7fff,0,0,20,800,2000,2000,fa,C8,1,190,40,20,3977,40,408A,800,63,4DFF,4DFF,2,3F00,7D0,0,20,100,200,200,400,300,258,64,1ca8,C8,2D55,100,FFFF,0,FF80,FBDB,FCEB,E8,F0B1,3C90,0,0,0,0,0,0,0,0,0,3,0,0,0,0,0,0,0,0,0,0,0,0,0,0,0,0,0,0,0,0,0,0,0,0,0,0,0,0,0,0,0,0,0,0,0,0,0,0,0,0,0,0,0,0,0,0,0,0,0,0,2,2,2,2,2,0,3,0,0,0,0,0,0,0,0,0,0,0,0,0,0,0,0,0,0,0,0,0,0,0,0,0,0,0,0,0,0,0,0,0,0,0,0,0,0,0,0,0,0,0,0,0,0,0,0,0,0,2,2,2,2,2,FFFF,4000,4000,0
G54,JKDAP3265,5,4000,4000,0,7FB2,4000,0,2D33,0,C80,FF1A,1D80,F333,01EC,FFEE,200A,7F65,0,ED00,0,0,3FD9,0,C80,FF1A,1B0C,F333,01EC,FFEE,200A,7F65,7fff,800,7fff,179f,0,20,800,2000,2000,fa,C8,1,190,40,20,3977,40,408A,800,63,4DFF,4DFF,2,5208,1F40,0,106,161,800,200,1912,300,150,32,1ca8,C8,2D55,100,FFFF,0,0,0,0,0,0,4000,0,0,0,0,0,0,0,0,0,3,0,0,0,0,0,0,0,0,0,0,0,0,0,0,0,0,0,0,0,0,0,0,0,0,0,0,0,0,0,0,0,0,0,0,0,0,0,0,0,0,0,0,0,0,0,0,0,0,0,0,2,2,2,2,2,0,3,0,0,0,0,0,0,0,0,0,0,0,0,0,0,0,0,0,0,0,0,0,0,0,0,0,0,0,0,0,0,0,0,0,0,0,0,0,0,0,0,0,0,0,0,0,0,0,0,0,0,2,2,2,2,2,FFFF,4000,4000,0
G55,JKDAP3264,5,4000,4000,0,7FB2,4000,0,2D33,0,C80,FF1A,1D80,F333,01EC,FFEE,200A,7F65,0,ED00,0,0,3FD9,0,C80,FF1A,1B0C,F333,01EC,FFEE,200A,7F65,7fff,800,7fff,179f,0,20,800,2000,2000,fa,C8,1,190,40,20,3977,40,408A,800,63,4DFF,4DFF,2,5208,1F40,0,106,161,800,200,1912,300,150,32,1ca8,C8,2D55,100,FFFF,0,0,0,0,0,0,4000,0,0,0,0,0,0,0,0,0,3,0,0,0,0,0,0,0,0,0,0,0,0,0,0,0,0,0,0,0,0,0,0,0,0,0,0,0,0,0,0,0,0,0,0,0,0,0,0,0,0,0,0,0,0,0,0,0,0,0,0,2,2,2,2,2,0,3,0,0,0,0,0,0,0,0,0,0,0,0,0,0,0,0,0,0,0,0,0,0,0,0,0,0,0,0,0,0,0,0,0,0,0,0,0,0,0,0,0,0,0,0,0,0,0,0,0,0,2,2,2,2,2,FFFF,4000,4000,0
G56,Jabra BT5010,5,4000,4000,0,5A67,B45F,FFFF,2D33,0,780,FF1A,1D80,F333,01EC,FFEE,200A,7F65,0,ED00,0,FFFF,2D33,0,780,FF1A,1B0C,F333,01EC,FFEE,200A,7F65,7fff,800,7fff,179f,0,20,980,2000,2000,fa,C8,1,190,40,20,3977,40,408A,800,63,4DFF,4DFF,2,5208,1F40,0,106,161,800,200,1912,300,258,32,1ca8,C8,2D55,100,FFFF,0,FF80,FBDB,FCEB,E8,F0B1,3C90,0,0,0,0,0,0,0,0,0,3,0,0,0,0,0,0,0,0,0,0,0,0,0,0,0,0,0,0,0,0,0,0,0,0,0,0,0,0,0,0,0,0,0,0,0,0,0,0,0,0,0,0,0,0,0,0,0,0,0,0,2,2,2,2,2,0,3,0,0,0,0,0,0,0,0,0,0,0,0,0,0,0,0,0,0,0,0,0,0,0,0,0,0,0,0,0,0,0,0,0,0,0,0,0,0,0,0,0,0,0,0,0,0,0,0,0,0,2,2,2,2,2,FFFF,4000,4000,0
G57,Motorola H12,5,4000,4000,0,47CF,7FB2,0,2D33,0,C80,FF1A,1D80,F333,01EC,FFEE,200A,7F65,0,ED00,0,FFFF,2000,0,780,FF1A,1B0C,F333,01EC,FFEE,200A,7F65,7fff,800,7fff,179f,0,20,800,2000,2000,fa,C8,1,190,40,20,3977,40,408A,800,63,4DFF,4DFF,2,5208,1F40,0,106,161,800,200,1912,300,258,32,1ca8,C8,2D55,100,FFFF,0,FF80,FBDB,FCEB,E8,F0B1,3C90,0,0,0,0,0,0,0,0,0,3,0,0,0,0,0,0,0,0,0,0,0,0,0,0,0,0,0,0,0,0,0,0,0,0,0,0,0,0,0,0,0,0,0,0,0,0,0,0,0,0,0,0,0,0,0,0,0,0,0,0,2,2,2,2,2,0,3,0,0,0,0,0,0,0,0,0,0,0,0,0,0,0,0,0,0,0,0,0,0,0,0,0,0,0,0,0,0,0,0,0,0,0,0,0,0,0,0,0,0,0,0,0,0,0,0,0,0,2,2,2,2,2,FFFF,4000,4000,0
G58,Nokia BH-703,5,4000,4000,0,656E ,7FB2,0,2D33,0,C80,FF1A,1D80,F333,01EC,FFEE,200A,7F65,0,ED00,0,0,3FD9,0,C80,FF1A,1B0C,F333,01EC,FFEE,200A,7F65,7fff,800,7fff,179f,0,20,800,2000,2000,fa,C8,1,190,40,20,3977,40,408A,800,63,4DFF,4DFF,2,5208,1F40,0,106,161,800,200,1912,300,258,32,1ca8,C8,2D55,100,FFFF,0,0,0,0,0,0,4000,0,0,0,0,0,0,0,0,0,3,0,0,0,0,0,0,0,0,0,0,0,0,0,0,0,0,0,0,0,0,0,0,0,0,0,0,0,0,0,0,0,0,0,0,0,0,0,0,0,0,0,0,0,0,0,0,0,0,0,0,2,2,2,2,2,0,3,0,0,0,0,0,0,0,0,0,0,0,0,0,0,0,0,0,0,0,0,0,0,0,0,0,0,0,0,0,0,0,0,0,0,0,0,0,0,0,0,0,0,0,0,0,0,0,0,0,0,2,2,2,2,2,FFFF,4000,4000,0
G59,Motorola H710,5,4000,4000,0,7FB2,5A67,0,2000,0,780,FF1A,1B0C,F333,01EC,FFEE,200A,7F65,0,ED00,0,0,3FD9,0,C80,FF1A,1B0C,F333,01EC,FFEE,200A,7F65,7fff,800,7fff,179f,0,20,800,2000,2000,fa,C8,1,190,40,20,3977,40,408A,800,63,4DFF,4DFF,2,3F00,1200,0,106,161,800,200,1912,300,258,32,1ca8,C8,2D55,100,FFFF,0,0,0,0,0,0,4000,0,0,0,0,0,0,0,0,0,3,0,0,0,0,0,0,0,0,0,0,0,0,0,0,0,0,0,0,0,0,0,0,0,0,0,0,0,0,0,0,0,0,0,0,0,0,0,0,0,0,0,0,0,0,0,0,0,0,0,0,2,2,2,2,2,0,3,0,0,0,0,0,0,0,0,0,0,0,0,0,0,0,0,0,0,0,0,0,0,0,0,0,0,0,0,0,0,0,0,0,0,0,0,0,0,0,0,0,0,0,0,0,0,0,0,0,0,2,2,2,2,2,FFFF,4000,4000,0
G60,Jabra BT2050,5,4000,4000,0,A0C2,FEC9,FFFF,3FD9,0,C80,FF1A,1D80,F333,01EC,FFEE,200A,7F65,0,ED00,0,0,3FD9,0,C80,FF1A,1B0C,F333,01EC,FFEE,200A,7F65,7FFF,800,7FFF,179F,0,20,800,2000,2000,fa,C8,1,190,40,20,3977,40,408A,800,63,4DFF,4DFF,2,3F00,7D0,0,40,100,200,200,400,300,258,32,1ca8,C8,2D55,100,FFFF,0,FFF4,FEDA,3B6,1B1,DAC3,50C3,0,0,0,0,0,0,0,0,0,3,0,0,0,0,0,0,0,0,0,0,0,0,0,0,0,0,0,0,0,0,0,0,0,0,0,0,0,0,0,0,0,0,0,0,0,0,0,0,0,0,0,0,0,0,0,0,0,0,0,0,2,2,2,2,2,0,3,0,0,0,0,0,0,0,0,0,0,0,0,0,0,0,0,0,0,0,0,0,0,0,0,0,0,0,0,0,0,0,0,0,0,0,0,0,0,0,0,0,0,0,0,0,0,0,0,0,0,2,2,2,2,2,FFFF,4000,4000,0
G61,Jabra BT2070,5,4000,4000,0,A0C2,FEC9,FFFF,3FD9,0,C80,FF1A,1D80,F333,01EC,FFEE,200A,7F65,0,ED00,0,0,3FD9,0,C80,FF1A,1B0C,F333,01EC,FFEE,200A,7F65,7FFF,800,7FFF,179F,0,20,800,2000,2000,fa,C8,1,190,40,20,3977,40,408A,800,63,4DFF,4DFF,2,3F00,7D0,0,40,100,200,200,400,300,258,32,1ca8,C8,2D55,100,FFFF,0,FFF4,FEDA,3B6,1B1,DAC3,50C3,0,0,0,0,0,0,0,0,0,3,0,0,0,0,0,0,0,0,0,0,0,0,0,0,0,0,0,0,0,0,0,0,0,0,0,0,0,0,0,0,0,0,0,0,0,0,0,0,0,0,0,0,0,0,0,0,0,0,0,0,2,2,2,2,2,0,3,0,0,0,0,0,0,0,0,0,0,0,0,0,0,0,0,0,0,0,0,0,0,0,0,0,0,0,0,0,0,0,0,0,0,0,0,0,0,0,0,0,0,0,0,0,0,0,0,0,0,2,2,2,2,2,FFFF,4000,4000,0
G62,Bluetooth headset,5,4000,4000,0,7FB2,B45F,FFFF,2000,0,C80,FF1A,1D80,F333,01EC,FFEE,200A,7F65,0,ED00,0,FFFF,2000,0,C80,FF1A,1B0C,F333,01EC,FFEE,200A,7F65,7FFF,800,7FFF,179F,0,20,800,2000,2000,fa,C8,1,190,40,20,3977,40,408A,800,63,4DFF,4DFF,2,3F00,7D0,0,40,100,200,200,400,300,258,32,1214,C8,2D55,100,FFFF,0,FF80,FBDB,FCEB,E8,F0B1,3C90,0,0,0,0,0,0,0,0,0,3,0,0,0,0,0,0,0,0,0,0,0,0,0,0,0,0,0,0,0,0,0,0,0,0,0,0,0,0,0,0,0,0,0,0,0,0,0,0,0,0,0,0,0,0,0,0,0,0,0,0,2,2,2,2,2,0,3,0,0,0,0,0,0,0,0,0,0,0,0,0,0,0,0,0,0,0,0,0,0,0,0,0,0,0,0,0,0,0,0,0,0,0,0,0,0,0,0,0,0,0,0,0,0,0,0,0,0,2,2,2,2,2,FFFF,4000,4000,0
G63,i.Air 301,5,4000,4000,0,A0C2,B45F,0,2D33,0,C80,FF1A,1D80,F333,01EC,FFEE,200A,7F65,0,ED00,0,0,3FD9,0,C80,FF1A,1B0C,F333,01EC,FFEE,200A,7F65,7FFF,800,7FFF,179F,0,F8,800,2000,2000,fa,C8,1,190,40,20,3977,40,408A,800,63,4DFF,4DFF,2,3F00,7D0,0,40,100,200,258,400,300,258,32,1ca8,C8,2D55,100,FFFF,0,0,0,0,0,0,4000,0,0,0,0,0,0,0,0,0,3,0,0,0,0,0,0,0,0,0,0,0,0,0,0,0,0,0,0,0,0,0,0,0,0,0,0,0,0,0,0,0,0,0,0,0,0,0,0,0,0,0,0,0,0,0,0,0,0,0,0,2,2,2,2,2,0,3,0,0,0,0,0,0,0,0,0,0,0,0,0,0,0,0,0,0,0,0,0,0,0,0,0,0,0,0,0,0,0,0,0,0,0,0,0,0,0,0,0,0,0,0,0,0,0,0,0,0,2,2,2,2,2,FFFF,4000,4000,0
G64,BH M300,5,4000,4000,0,8F47,7FB2,FFFF,2000,0,C80,FF1A,1D80,F333,01EC,FFEE,200A,7F65,0,ED00,0,0,3FD9,0,C80,FF1A,1B0C,F333,01EC,FFEE,200A,7F65,7FFF,800,7FFF,4,0,20,800,2000,2000,fa,C8,1,190,40,20,3977,40,408A,800,63,4DFF,4DFF,2,3F00,7D0,0,100,100,200,200,400,300,200,64,1ca8,C8,2D55,100,FFFF,0,FFB5,009C,FF35,FA49,F000,3C90,FFFF,0,FFD1,FFF7,FFE6,FBB6,F340,3C90,0,3,0,0,0,0,0,0,0,0,0,0,0,0,0,0,0,0,0,0,0,0,0,0,0,0,0,0,0,0,0,0,0,0,0,0,0,0,0,0,0,0,0,0,0,0,0,0,0,0,0,0,2,2,2,2,2,0,3,0,0,0,0,0,0,0,0,0,0,0,0,0,0,0,0,0,0,0,0,0,0,0,0,0,0,0,0,0,0,0,0,0,0,0,0,0,0,0,0,0,0,0,0,0,0,0,0,0,0,2,2,2,2,2,FFFF,4000,4000,0
G65,Clip Music 801,5,4000,4000,0,47CF,5092,0,2D33,0,C80,FF1A,1D80,F333,01EC,FFEE,200A,7F65,0,ED00,0,FFFF,2000,0,C80,FF1A,1B0C,F333,01EC,FFEE,200A,7F65,7FFF,800,7FFF,179F,0,20,800,2000,2000,fa,C8,1,190,40,20,3977,40,408A,800,63,4DFF,4DFF,2,3F00,7D0,0,40,100,200,200,400,300,300,32,1100,C8,2D55,100,FFFF,0,FF9C,6BD,FDD0,F2BA,FAEA,3C90,0,0,0,0,0,0,0,0,0,3,0,0,0,0,0,0,0,0,0,0,0,0,0,0,0,0,0,0,0,0,0,0,0,0,0,0,0,0,0,0,0,0,0,0,0,0,0,0,0,0,0,0,0,0,0,0,0,0,0,0,2,2,2,2,2,0,3,0,0,0,0,0,0,0,0,0,0,0,0,0,0,0,0,0,0,0,0,0,0,0,0,0,0,0,0,0,0,0,0,0,0,0,0,0,0,0,0,0,0,0,0,0,0,0,0,0,0,2,2,2,2,2,FFFF,4000,4000,0
G66,Clip Naro 601,5,4000,4000,0,CA62,B45F,FFFF,3FD9,0,C80,FF1A,1D80,F333,01EC,FFEE,200A,7F65,0,ED00,0,FFFF,2000,0,C80,FF1A,1B0C,F333,01EC,FFEE,200A,7F65,7FFF,800,7FFF,179F,0,20,800,2000,2000,fa,C8,1,190,40,20,3977,40,408A,800,63,4DFF,4DFF,2,3F00,7D0,0,40,100,200,200,400,300,258,32,1ca8,C8,2D55,100,FFFF,0,FF80,FBDB,FCEB,E8,F0B1,3C90,0,0,0,0,0,0,0,0,0,3,0,0,0,0,0,0,0,0,0,0,0,0,0,0,0,0,0,0,0,0,0,0,0,0,0,0,0,0,0,0,0,0,0,0,0,0,0,0,0,0,0,0,0,0,0,0,0,0,0,0,2,2,2,2,2,0,3,0,0,0,0,0,0,0,0,0,0,0,0,0,0,0,0,0,0,0,0,0,0,0,0,0,0,0,0,0,0,0,0,0,0,0,0,0,0,0,0,0,0,0,0,0,0,0,0,0,0,2,2,2,2,2,FFFF,4000,4000,0
