{
    "comment": "",
    "charmap": {
        "क": [
            [
                "कँ",
                1.0,0
            ],
            [
                "कं",
                1.0,0
            ],
            [
                "कः",
                1.0,0
            ],
            [
                "का",
                1.0,0
            ],
            [
                "कि",
                1.0,0
            ],
            [
                "की",
                1.0,0
            ],
            [
                "कु",
                1.0,0
            ],
            [
                "कू",
                1.0,0
            ],
            [
                "कृ",
                1.0,0
            ],
            [
                "कॄ",
                1.0,0
            ],
            [
                "कॅ",
                1.0,0
            ],
            [
                "कॆ",
                1.0,0
            ],
            [
                "के",
                1.0,0
            ],
            [
                "कै",
                1.0,0
            ],
            [
                "कॉ",
                1.0,0
            ],
            [
                "कॊ",
                1.0,0
            ],
            [
                "को",
                1.0,0
            ],
            [
                "कौ",
                1.0,0
            ],
            [
                "क्",
                1.0,0
            ],
            [
                "क॓",
                1.0,0
            ],
            [
                "क॔",
                1.0,0
            ],
            [
                "कॢ",
                1.0,0
            ],
            [
                "कॣ",
                1.0,0
            ]
        ],
        "ख": [
            [
                "खँ",
                1.0,0
            ],
            [
                "खं",
                1.0,0
            ],
            [
                "खः",
                1.0,0
            ],
            [
                "खा",
                1.0,0
            ],
            [
                "खि",
                1.0,0
            ],
            [
                "खी",
                1.0,0
            ],
            [
                "खु",
                1.0,0
            ],
            [
                "खू",
                1.0,0
            ],
            [
                "खृ",
                1.0,0
            ],
            [
                "खॄ",
                1.0,0
            ],
            [
                "खॅ",
                1.0,0
            ],
            [
                "खॆ",
                1.0,0
            ],
            [
                "खे",
                1.0,0
            ],
            [
                "खै",
                1.0,0
            ],
            [
                "खॉ",
                1.0,0
            ],
            [
                "खॊ",
                1.0,0
            ],
            [
                "खो",
                1.0,0
            ],
            [
                "खौ",
                1.0,0
            ],
            [
                "ख्",
                1.0,0
            ],
            [
                "ख॓",
                1.0,0
            ],
            [
                "ख॔",
                1.0,0
            ],
            [
                "खॢ",
                1.0,0
            ],
            [
                "खॣ",
                1.0,0
            ]
        ],
        "ग": [
            [
                "गँ",
                1.0,0
            ],
           [
                "गः",
                1.0,0
            ],
            [
                "गा",
                1.0,0
            ],
            [
                "गि",
                1.0,0
            ],
            [
                "गी",
                1.0,0
            ],
            [
                "गु",
                1.0,0
            ],
            [
                "गू",
                1.0,0
            ],
            [
                "गृ",
                1.0,0
            ],
            [
                "गॄ",
                1.0,0
            ],
            [
                "गॅ",
                1.0,0
            ],
            [
                "गॆ",
                1.0,0
            ],
            [
                "गे",
                1.0,0
            ],
            [
                "गै",
                1.0,0
            ],
            [
                "गॉ",
                1.0,0
            ],
            [
                "गॊ",
                1.0,0
            ],
            [
                "गो",
                1.0,0
            ],
            [
                "गौ",
                1.0,0
            ],
            [
                "ग्",
                1.0,0
            ],
            [
                "गॢ",1.0,0
            ]
	 ],
           "ङ": [
            [	
                "ङे",
                1.0,0
            ],
            [
                "ङै",
                1.0,0
            ],
            [
                "ङॉ",
                1.0,0
            ],
            [
                "ङॊ",
                1.0,0
            ],
            [
                "ङो",
                1.0,0
            ],
            [
                "ङौ",
                1.0,0
            ],
            [
                "ङ्",
                1.0,0
            ],
            [
                "ङ॓",
                1.0,0
            ],
            [
                "ङ॔",
                1.0,0
            ],
            [
                "ङॢ",
                1.0,0
            ],
            [
                "ङॣ",
                1.0,0
            ]
        ],
        "च": [
            [
                "चँ",
                1.0,0
            ],
            [
                "चं",
                1.0,0
            ],
            [
                "चः",
                1.0,0
            ],
            [
                "चा",
                1.0,0
            ],
            [
                "चि",
                1.0,0
            ],
            [
                "ची",
                1.0,0
            ],
            [
                "चु",
                1.0,0
            ],
            [
                "चू",
                1.0,0
            ],
            [
                "चृ",
                1.0,0
            ],
            [
                "छ॓",
                1.0,0
            ],
            [
                "छ॔",
                1.0,0
            ],
            [
                "छॢ",
                1.0,0
            ],
            [
                "छॣ",
                1.0,0
            ]
        ],
        "ज": [
            [
                "जँ",
                1.0,0
            ],
            [
                "जं",
                1.0,0
            ],
            [
                "जः",
                1.0,0
            ],
            [
                "जा",
                1.0,0
            ],
            [
                "जि",
                1.0,0
            ],
            [
                "जी",
                1.0,0
            ],
            [
                "जु",
                1.0,0
            ],
            [
                "जू",
                1.0,0
            ],
            [
                "जृ",
                1.0,0
            ],
            [
                "जॄ",
                1.0,0
            ],
            [
                "जॅ",
                1.0,0
            ],
            [
                "जॆ",
                1.0,0
            ],
            [
                "जे",
                1.0,0
            ],
            [
                "जै",
                1.0,0
            ],
            [
                "जॉ",
                1.0,0
            ],
            [
                "जॊ",
                1.0,0
            ],
            [
                "जो",
                1.0,0
            ],
            [
                "जौ",
                1.0,0
            ],
            [
                "ज्",
                1.0,0
            ],
            [
                "ज॓",
                1.0,0
            ],
            [
                "ज॔",
                1.0,0
            ],
            [
                "जॢ",
                1.0,0
            ],
            [
                "जॣ",
                1.0,0
            ]
        ],
        "छ": [
            [
                "छँ",
                1.0,0
            ],
            [
                "छं",
                1.0,0
            ],
            [
                "छः",
                1.0,0
            ],
            [
                "छा",
                1.0,0
            ],
            [
                "छि",
                1.0,0
            ],
            [
                "छी",
                1.0,0
            ],
            [
                "छु",
                1.0,0
            ],
            [
                "छू",
                1.0,0
            ],
            [
                "छृ",
                1.0,0
            ],
            [
                "छॄ",
                1.0,0
            ],
            [
                "छॅ",
                1.0,0
            ],
            [
                "छॆ",
                1.0,0
            ],
            [
                "छे",
                1.0,0
            ],
            [
                "छै",
                1.0,0
            ],
            [
                "छॉ",
                1.0,0
            ],
            [
                "छॊ",
                1.0,0
            ],
            [
                "छो",
                1.0,0
            ],
            [
                "छौ",
                1.0,0
            ],
            [
                "छ्",
                1.0,0
            ],
            [
                "छ॓",
                1.0,0
            ],
            [
                "छ॔",
                1.0,0
            ],
            [
                "छॢ",
                1.0,0
            ],
            [
                "छॣ",
                1.0,0
            ]
        ],
        "झ": [
            [
                "झँ",
                1.0,0
            ],
            [
                "झं",
                1.0,0
            ],
            [
                "झः",
                1.0,0
            ],
            [
                "झा",
                1.0,0
            ],
            [
                "झि",
                1.0,0
            ],
            [
                "झी",
                1.0,0
            ],
            [
                "झु",
                1.0,0
            ],
            [
                "झू",
                1.0,0
            ],
            [
                "झॄ",
                1.0,0
            ],
            [
                "झॅ",
                1.0,0
            ],
            [
                "झॆ",
                1.0,0
            ],
            [
                "झे",
                1.0,0
            ],
            [
                "झै",
                1.0,0
            ],
            [
                "झॉ",
                1.0,0
            ],
            [
                "झॊ",
                1.0,0
            ],
            [
                "झो",
                1.0,0
            ],
            [
                "झ्",
                1.0,0
            ],
            [
                "झॢ",
                1.0,0
            ]
          ],
        "ञ": [
            [
                "ञँ",
                1.0,0
            ],
            [
                "ञं",
                1.0,0
            ],
            [
                "ञः",
                1.0,0
            ],
            [
                "ञा",
                1.0,0
            ],
            [
                "ञि",
                1.0,0
            ],
            [
                "ञी",
                1.0,0
            ],
            [
                "ञु",
                1.0,0
            ],
            [
                "ञू",
                1.0,0
            ],
            [
                "ञृ",
                1.0,0
            ],
            [
                "ञॄ",
                1.0,0
            ],
            [
                "ञॅ",
                1.0,0
            ],
            [
                "ञॆ",
                1.0,0
            ],
            [
                "ञे",
                1.0,0
            ],
            [
                "ञै",
                1.0,0
            ],
            [
                "ञॉ",
                1.0,0
            ],
            [
                "ञॊ",
                1.0,0
            ],
            [
                "ञो",
                1.0,0
            ],
            [
                "ञौ",
                1.0,0
            ],
            [
                "ञ्",
                1.0,0
            ],
            [
                "ञ॓",
                1.0,0
            ],
            [
                "ञ॔",
                1.0,0
            ],
            [
                "ञॢ",
                1.0,0
            ],
            [
                "ञॣ",
                1.0,0
            ]
        ],
        "ट": [
            [
                "टँ",
                1.0,0
            ],
            [
                "टं",
                1.0,0
            ],
            [
                "टः",
                1.0,0
            ],
            [
                "टा",
                1.0,0
            ],
            [
                "टि",
                1.0,0
            ],
            [
                "टी",
                1.0,0
            ],
            [
                "टु",
                1.0,0
            ],
            [
                "टू",
                1.0,0
            ],
            [
                "टृ",
                1.0,0
            ],
            [
                "टॄ",
                1.0,0
            ],
            [
                "टॅ",
                1.0,0
            ],
            [
                "टॆ",
                1.0,0
            ],
            [
                "टे",
                1.0,0
            ],
            [
                "टै",
                1.0,0
            ],
            [
                "टॉ",
                1.0,0
            ],
            [
                "टॊ",
                1.0,0
            ],
            [
                "टो",
                1.0,0
            ],
            [
                "टौ",
                1.0,0
            ],
            [
                "ट्",
                1.0,0
            ],
            [
                "ट॓",
                1.0,0
            ],
            [
                "ट॔",
                1.0,0
            ],
            [
                "टॢ",
                1.0,0
            ],
            [
                "टॣ",
                1.0,0
            ]
        ],
        "ठ": [
            [
                "ठँ",
                1.0,0
            ],
            [
                "ठं",
                1.0,0
            ]
        ]
    },
    "name": "Hindi(India)",
    "variant": [
        "hi",
        "IN"
    ],
    "version": [
        0,
        3
    ],
    "local_name": "मानकहिन्द"
}
