{
    "comment": "",
    "charmap": {
	"ৗ":[
	   [
		"ঽ",
		1.0,0
	   ]
	],
        	"ৌ": [
            [
                	"ঔ",
                1.0,0
            ]
        ],
        	"ৈ": [
            [
                	"ঐ",
                1.0,0
            ]
        ],
        	"া": [
            [
                	"আ",
                1.0,0
            ]
        ],
        	"ী": [
            [
                	"ঈ",
                1.0,0
            ]
        ],
        	"ূ": [
            [
                	"ঊ",
                1.0,0
            ]
        ],
        	"ো": [
            [
                	"ও",
                1.0,0
            ]
        ],
        	"ে": [
            [
                	"এ",
                1.0,0
            ]
        ],
        	"্": [
            [
                	"অ",
                1.0,0
            ]
        ],
        	"ি": [
            [
                	"ই",
                1.0,0
            ]
        ],
        	"ু": [
            [
                	"উ",
                1.0,0
            ]
        ],
        	"়": [
            [
                	"ৃ",
                1.0,0
            ]
        ],
        	"ং": [
            [
                	"ঁ",
                1.0,0
            ]
        ],
        	"ব": [
            [
                	"ভ",
                1.0,0
            ]
        ],
        	"হ": [
            [
                	"ঙ",
                1.0,0
            ]
        ],
        	"গ": [
            [
                	"ঘ",
                1.0,0
            ]
        ],
        	"দ": [
            [
                	"ধ",
                1.0,0
            ]
        ],
        	"জ": [
            [
                	"ঝ",
                1.0,0
            ]
        ],
        	"ড": [
            [
                	"ঢ",
                1.0,0
            ]
        ],
        	"প": [
            [
                	"ফ",
                1.0,0
            ]
        ],
        	"র": [
            [
                	"ৠ",
                1.0,0
            ]
        ],
        	"ক": [
            [
                	"খ",
                1.0,0
            ]
        ],
        	"ত": [
            [
                	"থ",
                1.0,0
            ]
        ],
        	"চ": [
            [
                	"ছ",
                1.0,0
            ]
        ],
        	"ট": [
            [
                	"ঠ",
                1.0,0
            ]
        ],
        	"ম": [
            [
                	"ণ",
                1.0,0
            ]
        ],
        	"ন": [
            [
                	"ঙ",
                1.0,0
            ]
        ],
        	"ব": [
            [
                	"ঞ",
                1.0,0
            ]
        ],
        	"ল": [
            [
                	"ৡ",
                1.0,0
            ]
        ],
        	"স": [
            [
                	"শ",
                1.0,0
            ]
        ],
        	"ষ": [
            [
                	"ঋ",
                1.0,0
            ]
        ],
        	"য": [
            [
                	"য়",
                1.0,0
            ]
        ],
        	"১": [
            [
                "।",
                1.0,0
            ],
            [
                "1",
                1.0,0
            ]

        ],
        	"২": [
            [
                	"৲",
                1.0,0
            ],
            [
                "2",
                1.0,0
            ]

        ],
        	"৩": [
            [
                	"৳",
                1.0,0
            ],
            [
                "3",
                1.0,0
            ]

        ],
        	"৪": [
            [
                	"ঃ",
                1.0,0
            ],
            [
                "4",
                1.0,0
            ]

        ],
        	"৫": [
            [
                "@",
                1.0,0
            ],
            [
                "5",
                1.0,0
            ]

        ],
        	"৬": [
            [
                "₹",
                1.0,0
            ],
            [
                "6",
                1.0,0
            ]

        ],
        	"৭": [
            [
                "\"",
                1.0,0
            ],
            [
                "7",
                1.0,0
            ]

        ],
        	"৮": [
            [
                "'",
                1.0,0
            ],
            [
                "8",
                1.0,0
            ]

        ],
        	"৯": [
            [
                "+",
                1.0,0
            ],
            [
                "9",
                1.0,0
            ]

        ],
        	"০": [
            [
                "-",
                1.0,0
            ],
            [
                "0",
                1.0,0
            ]

        ]
            },
    "name": "Bengali(India)",
    "variant": [
        "bn",
        "IN"
    ],
    "version": [
        0,
        3
    ],
    "local_name": "বাংলা"
}
